ClientID,ClientName,URL,Status,Number of redirects,Redirect Chain,Final URL,Final URL Status,Final URL IP,Final URL NS,
86977,Cummings, Inc.,cummingsheatingandcooling.info,301,3,http://cummingsheatingandcooling.info/ | https://cummingsheatingandcooling.info/ | http://www.cummingsheatingandcooling.info/ | ,https://www.cummingsheatingandcooling.info/,200,209.17.116.160,ns3a.dns-host.com.,
88114,B Carlson Heating, AC and Plumbing,bcarlsoncoleman.com,301,3,http://bcarlsoncoleman.com/ | https://bcarlsoncoleman.com/ | http://www.bcarlsoncoleman.com/ | ,https://www.bcarlsoncoleman.com/,200,209.17.116.160,ns3a.dns-host.com.,
88781,River Valley Heating And Cooling,sherwoodhvacservice.com,301,3,http://sherwoodhvacservice.com/ | https://sherwoodhvacservice.com/ | http://www.sherwoodhvacservice.com/ | ,https://www.sherwoodhvacservice.com/,200,209.17.116.160,ns3a.dns-host.com.,
89042,Jim Watts Heating And Cooling, Inc.,jimwattsheatingandcooling.net,301,3,http://jimwattsheatingandcooling.net/ | https://jimwattsheatingandcooling.net/ | http://www.jimwattsheatingandcooling.net/ | ,https://www.jimwattsheatingandcooling.net/,200,209.17.116.160,ns3a.dns-host.com.,
89081,Robbins Heating And Air Conditioning, Inc,robbins-coleman.com,301,3,http://robbins-coleman.com/ | https://robbins-coleman.com/ | http://www.robbins-coleman.com/ | ,https://www.robbins-coleman.com/,200,209.17.116.160,ns3a.dns-host.com.,
89132,Wilson Heating, Inc.,wilsonheatinginc.com,301,2,http://wilsonheatinginc.com/ | http://www.wilsonheatinginc.com/ | ,https://www.wilsonheatinginc.com/,200,208.43.88.227,dns3.name-services.com.,
89247,Hertless Air Conditioning And Heating Mechanical,richmondhvacservice.net,301,3,http://richmondhvacservice.net/ | https://richmondhvacservice.net/ | http://www.richmondhvacservice.net/ | ,https://www.richmondhvacservice.net/,200,209.17.116.160,ns3b.dns-host.com.,
89354,Caraballo Heating and Air Conditioning,clevelandhvacservice.com,301,1,http://clevelandhvacservice.com/ | ,https://clevelandhvacservice.com/,200,209.17.116.160,ns3b.dns-host.com.,
89715,Weavers Heat and Air, Inc,weavershvac.com,301,3,http://weavershvac.com/ | https://weavershvac.com/ | http://www.weavershvac.com/ | ,https://www.weavershvac.com/,200,209.17.116.160,ns3b.dns-host.com.,
89736,A & E HVAC Solutions,aehvacsolutions.info,301,1,http://aehvacsolutions.info/ | ,https://aehvacsolutions.info/,200,209.17.116.160,ns3a.dns-host.com.,
90242,G + S Heating Air Energy Services,kannapolishvacservice.com,301,3,http://kannapolishvacservice.com/ | https://kannapolishvacservice.com/ | http://www.kannapolishvacservice.com/ | ,https://www.kannapolishvacservice.com/,200,209.17.116.160,ns3a.dns-host.com.,
90331,Tempco Heating & Cooling Specialists,tempcohvac.com,301,1,http://tempcohvac.com/ | ,http://www.tempcohvac.com/,200,205.178.153.7,ns1.meganameservers.com.,
90402,Tradesman Heating and Air,hvacservicewinnipeg.com,301,1,http://hvacservicewinnipeg.com/ | ,https://hvacservicewinnipeg.com/,200,209.17.116.160,ns3a.dns-host.com.,
90459,Santiam Heating And Sheetmetal, Inc,santiamheatingsheetmetal.com,301,3,http://santiamheatingsheetmetal.com/ | https://santiamheatingsheetmetal.com/ | http://www.santiamheatingsheetmetal.com/ | ,https://www.santiamheatingsheetmetal.com/,200,209.17.116.160,ns3b.dns-host.com.,
90473,B And B Heating And Air, Inc,bentonvillehvacservice.com,301,3,http://bentonvillehvacservice.com/ | https://bentonvillehvacservice.com/ | http://www.bentonvillehvacservice.com/ | ,https://www.bentonvillehvacservice.com/,200,209.17.116.160,ns3a.dns-host.com.,
90888,JN Electrical Temperature Control, Inc.,jncomfort.net,301,3,http://jncomfort.net/ | https://jncomfort.net/ | http://www.jncomfort.net/ | ,https://www.jncomfort.net/,200,209.17.116.160,ns3b.dns-host.com.,
91005,VanBeek Heating And Cooling,vanbeekhtg.com,301,3,http://vanbeekhtg.com/ | https://vanbeekhtg.com/ | http://www.vanbeekhtg.com/ | ,https://www.vanbeekhtg.com/,200,209.17.116.160,ns3a.dns-host.com.,
91286,Global Comfort Service,globalcomfortservices.com,301,3,http://globalcomfortservices.com/ | https://globalcomfortservices.com/ | http://www.globalcomfortservices.com/ | ,https://www.globalcomfortservices.com/,200,209.17.116.160,ns3a.dns-host.com.,
91402,Blazer Heat And Air Conditioning,midlothianhvacservice.com,301,3,http://midlothianhvacservice.com/ | https://midlothianhvacservice.com/ | http://www.midlothianhvacservice.com/ | ,https://www.midlothianhvacservice.com/,200,209.17.116.160,ns3b.dns-host.com.,
91419,Dales Heating And Air Inc.,dalesheatandair.com,301,3,http://dalesheatandair.com/ | https://dalesheatandair.com/ | http://www.dalesheatandair.com/ | ,https://www.dalesheatandair.com/,200,209.17.116.160,ns3a.dns-host.com.,
91821,Temprite,tempritecoleman.com,301,3,http://tempritecoleman.com/ | https://tempritecoleman.com/ | http://www.tempritecoleman.com/ | ,https://www.tempritecoleman.com/,200,209.17.116.160,ns3b.dns-host.com.,
91888,Air Temp Heating And Cooling Specialist,airtempspecialists.com,301,3,http://airtempspecialists.com/ | https://airtempspecialists.com/ | http://www.airtempspecialists.com/ | ,https://www.airtempspecialists.com/,200,209.17.116.160,ns3a.dns-host.com.,
91897,Fehling's Sheet Metal Ltd.,fehlingssheetmetal.com,301,3,http://fehlingssheetmetal.com/ | https://fehlingssheetmetal.com/ | http://www.fehlingssheetmetal.com/ | ,https://www.fehlingssheetmetal.com/,200,209.17.116.160,ns3a.dns-host.com.,
91908,Kerschner's Gas Service, Inc,kerschnersgasservice.com,301,3,http://kerschnersgasservice.com/ | https://kerschnersgasservice.com/ | http://www.kerschnersgasservice.com/ | ,https://www.kerschnersgasservice.com/,200,209.17.116.160,ns3b.dns-host.com.,
91995,Pacific Plumbing And Heating,pacificplumbingandheatinghvac.com,301,3,http://pacificplumbingandheatinghvac.com/ | https://pacificplumbingandheatinghvac.com/ | http://www.pacificplumbingandheatinghvac.com/ | ,https://www.pacificplumbingandheatinghvac.com/,200,209.17.116.160,ns3a.dns-host.com.,
92110,Weathervane Heating And Cooling, Inc.,weathervaneheatcool.com,301,3,http://weathervaneheatcool.com/ | https://weathervaneheatcool.com/ | http://www.weathervaneheatcool.com/ | ,https://www.weathervaneheatcool.com/,200,209.17.116.160,ns3a.dns-host.com.,
92304,Guenther,guenthershvac.com,301,3,http://guenthershvac.com/ | https://guenthershvac.com/ | http://www.guenthershvac.com/ | ,https://www.guenthershvac.com/,200,209.17.116.160,ns3b.dns-host.com.,
92318,Southmoore Heating and Cooling, Inc.,southmooreheating.com,301,3,http://southmooreheating.com/ | https://southmooreheating.com/ | http://www.southmooreheating.com/ | ,https://www.southmooreheating.com/,200,209.17.116.160,ns3a.dns-host.com.,
92426,Comox Valley Refrigeration and AC Ltd,comoxvalleyrefrigeration.com,301,3,http://comoxvalleyrefrigeration.com/ | https://comoxvalleyrefrigeration.com/ | http://www.comoxvalleyrefrigeration.com/ | ,https://www.comoxvalleyrefrigeration.com/,200,209.17.116.160,ns3a.dns-host.com.,
92504,Mid-City Heating and Cooling, Inc.,midcityheatingcooling.com,301,1,http://midcityheatingcooling.com/ | ,https://midcityheatingcooling.com/,200,209.17.116.160,ns3a.dns-host.com.,
92581,Custom Aire Heating and Cooling, Inc.,customaire.biz,301,3,http://customaire.biz/ | https://customaire.biz/ | http://www.customaire.biz/ | ,https://www.customaire.biz/,200,209.17.116.160,ns3a.dns-host.com.,
92623,Putney Mechanical Company, Inc. ,putneymechanical.net,301,3,http://putneymechanical.net/ | https://putneymechanical.net/ | http://www.putneymechanical.net/ | ,https://www.putneymechanical.net/,200,209.17.116.160,ns3a.dns-host.com.,
92726,Lakeshore Heating & Sheet Metal, LLC,lakeheat.com,301,3,http://lakeheat.com/ | https://lakeheat.com/ | http://www.lakeheat.com/ | ,https://www.lakeheat.com/,200,209.17.116.160,ns3a.dns-host.com.,
92826,DK Heating & Sons, Inc.,dkheatingandsons.com,301,3,http://dkheatingandsons.com/ | https://dkheatingandsons.com/ | http://www.dkheatingandsons.com/ | ,https://www.dkheatingandsons.com/,200,209.17.116.160,ns3b.dns-host.com.,
92827,Castle Plumbing & Heating Ltd.,castleplumbingheating.com,301,3,http://castleplumbingheating.com/ | https://castleplumbingheating.com/ | http://www.castleplumbingheating.com/ | ,https://www.castleplumbingheating.com/,200,209.17.116.160,ns3b.dns-host.com.,
93125,Jones Electric Contractor, Inc.,joneselectric.info,301,3,http://joneselectric.info/ | https://joneselectric.info/ | http://www.joneselectric.info/ | ,https://www.joneselectric.info/,200,209.17.116.160,ns3b.dns-host.com.,
93279,Distinct Heating & Cooling,distincthvac.net,301,1,http://distincthvac.net/ | ,https://distincthvac.net/,200,209.17.116.160,ns3b.dns-host.com.,
93318,Funk Electrical Services, Inc.,hvaccontractorboonsboro.com,301,3,http://hvaccontractorboonsboro.com/ | https://hvaccontractorboonsboro.com/ | http://www.hvaccontractorboonsboro.com/ | ,https://www.hvaccontractorboonsboro.com/,200,209.17.116.160,ns3a.dns-host.com.,
93331,Climate Solutions, Inc.,gillettehvacservice.com,301,3,http://gillettehvacservice.com/ | https://gillettehvacservice.com/ | http://www.gillettehvacservice.com/ | ,https://www.gillettehvacservice.com/,200,209.17.116.160,ns3a.dns-host.com.,
93367,E. L. Fox & Sons Plumbing & Heating Ltd.,elfoxandsonsplumbingheating.info,301,3,http://elfoxandsonsplumbingheating.info/ | https://elfoxandsonsplumbingheating.info/ | http://www.elfoxandsonsplumbingheating.info/ | ,https://www.elfoxandsonsplumbingheating.info/,200,209.17.116.160,ns3a.dns-host.com.,
93448,Mack Morris Heating & Air Conditioning,ruckersvillehvacservice.com,301,3,http://ruckersvillehvacservice.com/ | https://ruckersvillehvacservice.com/ | http://www.ruckersvillehvacservice.com/ | ,https://www.ruckersvillehvacservice.com/,200,209.17.116.160,ns3a.dns-host.com.,
93523,Green's Air Conditioning & Comm. Ref.,greensair.com,301,1,http://greensair.com/ | ,https://greensair.com/,200,209.17.116.160,ns3a.dns-host.com.,
93888,All Season Heating And Cooling Specialists, LLC.,allseasonspecialists.com,301,3,http://allseasonspecialists.com/ | https://allseasonspecialists.com/ | http://www.allseasonspecialists.com/ | ,https://www.allseasonspecialists.com/,200,209.17.116.160,ns3b.dns-host.com.,
93895,Price's Heating, Air Conditioning, Plumb,duranthvaccontractor.com,301,3,http://duranthvaccontractor.com/ | https://duranthvaccontractor.com/ | http://www.duranthvaccontractor.com/ | ,https://www.duranthvaccontractor.com/,200,209.17.116.160,ns3a.dns-host.com.,
93908,Gurley And Son Heating And AC, Inc,gurleyandsonhvac.com,301,3,http://gurleyandsonhvac.com/ | https://gurleyandsonhvac.com/ | http://www.gurleyandsonhvac.com/ | ,https://www.gurleyandsonhvac.com/,200,209.17.116.160,ns3a.dns-host.com.,
93954,Chamberlin Heating & Air Conditioning,chamberlinhvac.com,301,3,http://chamberlinhvac.com/ | https://chamberlinhvac.com/ | http://www.chamberlinhvac.com/ | ,https://www.chamberlinhvac.com/,200,209.17.116.160,ns3b.dns-host.com.,
94003,MVP Electric, Heating & Cooling,mvpelectricheatingandcooling.net,301,1,http://mvpelectricheatingandcooling.net/ | ,https://mvpelectricheatingandcooling.net/,200,209.17.116.160,ns3b.dns-host.com.,
94006,Peatson's Heating & Air Conditioning Ltd,peatsonsheatair.com,301,3,http://peatsonsheatair.com/ | https://peatsonsheatair.com/ | http://www.peatsonsheatair.com/ | ,https://www.peatsonsheatair.com/,200,209.17.116.160,ns3a.dns-host.com.,
94063,Covenant Heating and Air, LLC.,covenantheatingandair.com,301,3,http://covenantheatingandair.com/ | https://covenantheatingandair.com/ | http://www.covenantheatingandair.com/ | ,https://www.covenantheatingandair.com/,200,209.17.116.160,ns3b.dns-host.com.,
94157,Olson Heating and Air,hvacserviceinsistersor.com,301,3,http://hvacserviceinsistersor.com/ | https://hvacserviceinsistersor.com/ | http://www.hvacserviceinsistersor.com/ | ,https://www.hvacserviceinsistersor.com/,200,209.17.116.160,ns3b.dns-host.com.,
94387,Violette Mechanical,violettemechanical.com,301,3,http://violettemechanical.com/ | https://violettemechanical.com/ | http://www.violettemechanical.com/ | ,https://www.violettemechanical.com/,200,209.17.116.160,ns3b.dns-host.com.,
94524,Anderson Heating & Cooling,andersonheatcool.net,301,3,http://andersonheatcool.net/ | https://andersonheatcool.net/ | http://www.andersonheatcool.net/ | ,https://www.andersonheatcool.net/,200,209.17.116.160,ns3b.dns-host.com.,
94685,Art Newsome, Inc.,anicomfort.com,301,1,http://anicomfort.com/ | ,https://anicomfort.com/,200,209.17.116.160,ns3a.dns-host.com.,
94696,Mertens Service Inc.,mertensservice.com,301,3,http://mertensservice.com/ | https://mertensservice.com/ | http://www.mertensservice.com/ | ,https://www.mertensservice.com/,200,209.17.116.160,ns3b.dns-host.com.,
94701,Climate Control,climatecontrolcoleman.info,301,3,http://climatecontrolcoleman.info/ | https://climatecontrolcoleman.info/ | http://www.climatecontrolcoleman.info/ | ,https://www.climatecontrolcoleman.info/,200,209.17.116.160,ns3b.dns-host.com.,
94736,Jakel Plumbing, Heating And Electrical, Inc.,jakelheat.com,301,3,http://jakelheat.com/ | https://jakelheat.com/ | http://www.jakelheat.com/ | ,https://www.jakelheat.com/,200,209.17.116.160,ns3b.dns-host.com.,
94841,Meyer Climate Control,meyerclimatecontrol.info,301,3,http://meyerclimatecontrol.info/ | https://meyerclimatecontrol.info/ | http://www.meyerclimatecontrol.info/ | ,https://www.meyerclimatecontrol.info/,200,209.17.116.160,ns3b.dns-host.com.,
94900,Hearthside Heating, Inc.,hearthsidehvac.info,301,3,http://hearthsidehvac.info/ | https://hearthsidehvac.info/ | http://www.hearthsidehvac.info/ | ,https://www.hearthsidehvac.info/,200,209.17.116.160,ns3a.dns-host.com.,
94956,Scoggins And Co., Inc.,scogginsco.com,301,1,http://scogginsco.com/ | ,https://scogginsco.com/,200,209.17.116.160,ns3a.dns-host.com.,
95003,Steve Green Heating And A/C, Inc.,stevegreenhvac.com,301,3,http://stevegreenhvac.com/ | https://stevegreenhvac.com/ | http://www.stevegreenhvac.com/ | ,https://www.stevegreenhvac.com/,200,209.17.116.160,ns3b.dns-host.com.,
95015,Bramm's Inc,bramms.info,301,1,http://bramms.info/ | ,https://bramms.info/,200,209.17.116.160,ns3b.dns-host.com.,
95032,Hulsman Refrigeration, Inc,jasperhvacservice.com,301,3,http://jasperhvacservice.com/ | https://jasperhvacservice.com/ | http://www.jasperhvacservice.com/ | ,https://www.jasperhvacservice.com/,200,209.17.116.160,ns3a.dns-host.com.,
95037,Mechanical Energy Systems, Inc.,cantonhvacservice.com,301,3,http://cantonhvacservice.com/ | https://cantonhvacservice.com/ | http://www.cantonhvacservice.com/ | ,https://www.cantonhvacservice.com/,200,209.17.116.160,ns3a.dns-host.com.,
95069,Ace Air Etc, Inc.,aceair.us,301,3,http://aceair.us/ | https://aceair.us/ | http://www.aceair.us/ | ,https://www.aceair.us/,200,209.17.116.160,ns3a.dns-host.com.,
95087,Topline Sheetmetal & Fabrication Ltd.,toplinesheetmetal.info,301,1,http://toplinesheetmetal.info/ | ,https://toplinesheetmetal.info/,200,209.17.116.160,ns3a.dns-host.com.,
95090,Proair Heating & Cooling,saproair.ca,301,1,http://saproair.ca/ | ,http://www.saproair.ca/,200,205.178.153.6,ns05.domaincontrol.com.,
95093,Thermo Tec Mechanical Ltd.,thermo-tec.biz,301,1,http://thermo-tec.biz/ | ,https://thermo-tec.biz/,200,209.17.116.160,ns3a.dns-host.com.,
95131,Wismer's Heating & Cooling and G.O. Mechanical,wismers-gomechanical.ca,301,3,http://wismers-gomechanical.ca/ | https://wismers-gomechanical.ca/ | http://www.wismers-gomechanical.ca/ | ,https://www.wismers-gomechanical.ca/,200,209.17.116.160,ns3b.dns-host.com.,
95137,Horizon Climate Controls Ltd.,horizonclimatecontrols.com,301,1,http://horizonclimatecontrols.com/ | ,https://horizonclimatecontrols.com/,200,209.17.116.160,ns3a.dns-host.com.,
95149,MCM Services, Inc,mcmservices.net,301,3,http://mcmservices.net/ | https://mcmservices.net/ | http://www.mcmservices.net/ | ,https://www.mcmservices.net/,200,209.17.116.160,ns3a.dns-host.com.,
95160,Landmark Air Systems, Inc. ,landmarkairsystems.com,301,3,http://landmarkairsystems.com/ | https://landmarkairsystems.com/ | http://www.landmarkairsystems.com/ | ,https://www.landmarkairsystems.com/,200,209.17.116.160,ns3a.dns-host.com.,
95231,A-1 Heating & Air Conditioning,a1kelowna.com,301,3,http://a1kelowna.com/ | https://a1kelowna.com/ | http://www.a1kelowna.com/ | ,https://www.a1kelowna.com/,200,209.17.116.160,ns3a.dns-host.com.,
95255,Meyer Heating,meyerheatingcoleman.com,301,3,http://meyerheatingcoleman.com/ | https://meyerheatingcoleman.com/ | http://www.meyerheatingcoleman.com/ | ,https://www.meyerheatingcoleman.com/,200,209.17.116.160,ns3b.dns-host.com.,
95262,Paulson Sheet Metal, Inc.,paulsonair.net,301,3,http://paulsonair.net/ | https://paulsonair.net/ | http://www.paulsonair.net/ | ,https://www.paulsonair.net/,200,209.17.116.160,ns3a.dns-host.com.,
95268,Perry Electric A/C and Heating,perryelectric.info,301,3,http://perryelectric.info/ | https://perryelectric.info/ | http://www.perryelectric.info/ | ,https://www.perryelectric.info/,200,209.17.116.160,ns3b.dns-host.com.,
95284,Capital Heating and Cooling 2,capitalhc.info,301,1,http://capitalhc.info/ | ,https://capitalhc.info/,200,209.17.116.160,ns3b.dns-host.com.,
95314,Natural Bridge Heating & A/C,naturalbridgehvac.com,301,3,http://naturalbridgehvac.com/ | https://naturalbridgehvac.com/ | http://www.naturalbridgehvac.com/ | ,https://www.naturalbridgehvac.com/,200,209.17.116.160,ns3b.dns-host.com.,
95318,Citadel Mechanical Ltd,citadelmechanical.com,301,3,http://citadelmechanical.com/ | https://citadelmechanical.com/ | http://www.citadelmechanical.com/ | ,https://www.citadelmechanical.com/,200,209.17.116.160,ns3a.dns-host.com.,
95426,BC Coastal Energy,hvacservicecoquitlam.com,301,1,http://hvacservicecoquitlam.com/ | ,https://hvacservicecoquitlam.com/,200,209.17.116.160,ns3b.dns-host.com.,
95429,Ferguson's Electric & A/C,fergusonelectricac.com,301,3,http://fergusonelectricac.com/ | https://fergusonelectricac.com/ | http://www.fergusonelectricac.com/ | ,https://www.fergusonelectricac.com/,200,209.17.116.160,ns3b.dns-host.com.,
95435,Loescher Heating and A/C,freeporthvaccontractor.com,301,3,http://freeporthvaccontractor.com/ | https://freeporthvaccontractor.com/ | http://www.freeporthvaccontractor.com/ | ,https://www.freeporthvaccontractor.com/,200,209.17.116.160,ns3a.dns-host.com.,
95466,Calhoun Enterprises Inc,bethelparkhvacservice.com,301,1,http://bethelparkhvacservice.com/ | ,https://bethelparkhvacservice.com/,200,209.17.116.160,ns3a.dns-host.com.,
95530,Anduro Industries Ltd.,anduroindustries.info,301,3,http://anduroindustries.info/ | https://anduroindustries.info/ | http://www.anduroindustries.info/ | ,https://www.anduroindustries.info/,200,209.17.116.160,ns3a.dns-host.com.,
95572,American Comfort Solutions,fuquay-varinahvacservice.com,301,1,http://fuquay-varinahvacservice.com/ | ,https://fuquay-varinahvacservice.com/,200,209.17.116.160,ns3b.dns-host.com.,
95616,Middletown Valley Heating And Cooling, Inc.,middletownvalleyheatcool.com,301,3,http://middletownvalleyheatcool.com/ | https://middletownvalleyheatcool.com/ | http://www.middletownvalleyheatcool.com/ | ,https://www.middletownvalleyheatcool.com/,200,209.17.116.160,ns3a.dns-host.com.,
95639,Witwer Air Service Co,hvacservicebrooklynoh.com,301,3,http://hvacservicebrooklynoh.com/ | https://hvacservicebrooklynoh.com/ | http://www.hvacservicebrooklynoh.com/ | ,https://www.hvacservicebrooklynoh.com/,200,209.17.116.160,ns3a.dns-host.com.,
95670,AST HEATING & AIR,asthvac.com,301,3,http://asthvac.com/ | https://asthvac.com/ | http://www.asthvac.com/ | ,https://www.asthvac.com/,200,209.17.116.160,ns3a.dns-host.com.,
95841,Mamayek Heating & Cooling, Inc.,mamayekheatcool.com,301,3,http://mamayekheatcool.com/ | https://mamayekheatcool.com/ | http://www.mamayekheatcool.com/ | ,https://www.mamayekheatcool.com/,200,209.17.116.160,ns3b.dns-host.com.,
95885,Farha Refrigeration, Heating & Cooling,wichitahvacservice.com,301,3,http://wichitahvacservice.com/ | https://wichitahvacservice.com/ | http://www.wichitahvacservice.com/ | ,https://www.wichitahvacservice.com/,200,209.17.116.160,ns3b.dns-host.com.,
95918,Charlie's Air Conditioning & Heating,charliesairandheat.com,301,3,http://charliesairandheat.com/ | https://charliesairandheat.com/ | http://www.charliesairandheat.com/ | ,https://www.charliesairandheat.com/,200,209.17.116.160,ns3b.dns-host.com.,
96208,World of Comfort Ltd.,worldofcomfort.net,301,3,http://worldofcomfort.net/ | https://worldofcomfort.net/ | http://www.worldofcomfort.net/ | ,https://www.worldofcomfort.net/,200,209.17.116.160,ns3b.dns-host.com.,
96237,Hannabery HVAC,hannaberyhvac.net,301,3,http://hannaberyhvac.net/ | https://hannaberyhvac.net/ | http://www.hannaberyhvac.net/ | ,https://www.hannaberyhvac.net/,200,209.17.116.160,ns3a.dns-host.com.,
96272,Brandt's Heating and Cooling INC.,brandtsheatcool.com,301,1,http://brandtsheatcool.com/ | ,https://brandtsheatcool.com/,200,209.17.116.160,ns3b.dns-host.com.,
96275,Duncklee, Inc. Cooling & Heating,dunckleeinc.us,301,3,http://dunckleeinc.us/ | https://dunckleeinc.us/ | http://www.dunckleeinc.us/ | ,https://www.dunckleeinc.us/,200,209.17.116.160,ns3b.dns-host.com.,
96379,Athabasca Heating and Air Conditioning,athaheating.com,200,,,http://athaheating.com/,200,205.178.153.7,ns35.domaincontrol.com.,
96455,Shift Air Mechanical Ltd,shiftair.net,301,3,http://shiftair.net/ | https://shiftair.net/ | http://www.shiftair.net/ | ,https://www.shiftair.net/,200,209.17.116.160,ns3b.dns-host.com.,
96479,Lance Wagner Plumbing and Heating LTD,lancewagnerplumbing.com,301,1,http://lancewagnerplumbing.com/ | ,https://lancewagnerplumbing.com/,200,209.17.116.160,ns3a.dns-host.com.,
96585,Long's Air Conditioning And Heating,tomsriverhvacservice.com,301,3,http://tomsriverhvacservice.com/ | https://tomsriverhvacservice.com/ | http://www.tomsriverhvacservice.com/ | ,https://www.tomsriverhvacservice.com/,200,209.17.116.160,ns3a.dns-host.com.,
96710,HOUSTON PLUMBING & HEATING, INC.,hvacservicenewark.com,301,3,http://hvacservicenewark.com/ | https://hvacservicenewark.com/ | http://www.hvacservicenewark.com/ | ,https://www.hvacservicenewark.com/,200,209.17.116.160,ns3b.dns-host.com.,
96777,Nu-Way Heating And Air Conditioning Co,nu-wayac.com,301,3,http://nu-wayac.com/ | https://nu-wayac.com/ | http://www.nu-wayac.com/ | ,https://www.nu-wayac.com/,200,209.17.116.160,ns3b.dns-host.com.,
96778,SP Heating and Cooling,sanbornpropaneservices.com,301,3,http://sanbornpropaneservices.com/ | https://sanbornpropaneservices.com/ | http://www.sanbornpropaneservices.com/ | ,https://www.sanbornpropaneservices.com/,200,209.17.116.160,ns3a.dns-host.com.,
96817,Action Heating, Cooling, & Plumbing,hvacservicemilwaukee.net,301,3,http://hvacservicemilwaukee.net/ | https://hvacservicemilwaukee.net/ | http://www.hvacservicemilwaukee.net/ | ,https://www.hvacservicemilwaukee.net/,200,209.17.116.160,ns3a.dns-host.com.,
96823,G.P. Peterson & Son Heating Ltd,petersonheating.com,301,3,http://petersonheating.com/ | https://petersonheating.com/ | http://www.petersonheating.com/ | ,https://www.petersonheating.com/,200,209.17.116.160,ns3b.dns-host.com.,
96973,Del`s Appliance Heating & Cooling,hvacservicekansascity.net,301,3,http://hvacservicekansascity.net/ | https://hvacservicekansascity.net/ | http://www.hvacservicekansascity.net/ | ,https://www.hvacservicekansascity.net/,200,209.17.116.160,ns3b.dns-host.com.,
97220,Total Comfort Systems, Inc.,totalcomforthvacrepair.com,301,1,http://totalcomforthvacrepair.com/ | ,https://totalcomforthvacrepair.com/,200,209.17.116.160,ns3a.dns-host.com.,
97405,Fallaw's Heating and Air inc.,fallawsheatair.com,301,3,http://fallawsheatair.com/ | https://fallawsheatair.com/ | http://www.fallawsheatair.com/ | ,https://www.fallawsheatair.com/,200,209.17.116.160,ns3b.dns-host.com.,
97406,Preece Heating And Cooling,preeceheatingandcooling.com,301,3,http://preeceheatingandcooling.com/ | https://preeceheatingandcooling.com/ | http://www.preeceheatingandcooling.com/ | ,https://www.preeceheatingandcooling.com/,200,209.17.116.160,ns3a.dns-host.com.,
97414,ALMAR  MECHANICAL,almarmechanicalwestkelowna.ca,301,3,http://almarmechanicalwestkelowna.ca/ | https://almarmechanicalwestkelowna.ca/ | http://www.almarmechanicalwestkelowna.ca/ | ,https://www.almarmechanicalwestkelowna.ca/,200,209.17.116.160,ns3b.dns-host.com.,
97559,Victor's Air Conditioning,victorsair.net,301,3,http://victorsair.net/ | https://victorsair.net/ | http://www.victorsair.net/ | ,https://www.victorsair.net/,200,209.17.116.160,ns3a.dns-host.com.,
97842,J & R Mechanical,j-rmechanicalcoleman.com,301,3,http://j-rmechanicalcoleman.com/ | https://j-rmechanicalcoleman.com/ | http://www.j-rmechanicalcoleman.com/ | ,https://www.j-rmechanicalcoleman.com/,200,209.17.116.160,ns3a.dns-host.com.,
97911,Blasenhauer Plumbing & Heating LLC,blasenhauerhvac.com,302,3,http://blasenhauerhvac.com/ | http://blasenhauerhvac.com/KYPUZ/ | http://blasenhauerhvac.com/ | ,http://blasenhauer.com,200,107.180.41.254,ns71.domaincontrol.com.,
98220,Michael R. Boccacino Inc.,hvacservicerochester.com,301,3,http://hvacservicerochester.com/ | https://hvacservicerochester.com/ | http://www.hvacservicerochester.com/ | ,https://www.hvacservicerochester.com/,200,209.17.116.160,ns3b.dns-host.com.,
98295,Heller Heat And Air, Inc.,hellerheatac.com,301,3,http://hellerheatac.com/ | https://hellerheatac.com/ | http://www.hellerheatac.com/ | ,https://www.hellerheatac.com/,200,209.17.116.160,ns3b.dns-host.com.,
98463,Falls Heating & Cooling, Inc.,fallsheatinginc.com,301,1,http://fallsheatinginc.com/ | ,https://fallsheatinginc.com/,200,209.17.116.160,ns3b.dns-host.com.,
98512,Appalachian Heating & Air Conditioning, Inc.,appalachianheatair.com,301,3,http://appalachianheatair.com/ | https://appalachianheatair.com/ | http://www.appalachianheatair.com/ | ,https://www.appalachianheatair.com/,200,209.17.116.160,ns3a.dns-host.com.,
98517,Montgomery Heating & Air Conditioning,junctioncityhvacservice.com,301,3,http://junctioncityhvacservice.com/ | https://junctioncityhvacservice.com/ | http://www.junctioncityhvacservice.com/ | ,https://www.junctioncityhvacservice.com/,200,209.17.116.160,ns3b.dns-host.com.,
98671,Cascades Comfort Services LLC,purcellvillehvaccontractor.com,301,3,http://purcellvillehvaccontractor.com/ | https://purcellvillehvaccontractor.com/ | http://www.purcellvillehvaccontractor.com/ | ,https://www.purcellvillehvaccontractor.com/,200,209.17.116.160,ns3a.dns-host.com.,
99136,Bainbridge Heating And Air,bainbridgeheatingandair.com,301,3,http://bainbridgeheatingandair.com/ | https://bainbridgeheatingandair.com/ | http://www.bainbridgeheatingandair.com/ | ,https://www.bainbridgeheatingandair.com/,200,209.17.116.160,ns3a.dns-host.com.,
99179,Temperature Control Mechanical Svcs Inc.,ashlandhvacservice.com,301,3,http://ashlandhvacservice.com/ | https://ashlandhvacservice.com/ | http://www.ashlandhvacservice.com/ | ,https://www.ashlandhvacservice.com/,200,209.17.116.160,ns3b.dns-host.com.,
99202,Alcap, Inc.,alcapinc.com,301,3,http://alcapinc.com/ | https://alcapinc.com/ | http://www.alcapinc.com/ | ,https://www.alcapinc.com/,200,209.17.116.160,ns3a.dns-host.com.,
99278,Kellys Hvac LLC,kellyshvac.info,301,3,http://kellyshvac.info/ | https://kellyshvac.info/ | http://www.kellyshvac.info/ | ,https://www.kellyshvac.info/,200,209.17.116.160,ns3a.dns-host.com.,
99373,Smith Mechanical,smithmechanical.info,301,3,http://smithmechanical.info/ | https://smithmechanical.info/ | http://www.smithmechanical.info/ | ,https://www.smithmechanical.info/,200,209.17.116.160,ns3b.dns-host.com.,
99755,Mechanical Man, Inc.,middleburymechanicalman.com,301,1,http://middleburymechanicalman.com/ | ,https://middleburymechanicalman.com/,200,209.17.116.160,ns3b.dns-host.com.,
99787,Steiner Plumbing, Electric, & Heating,steinerhvac.com,301,3,http://steinerhvac.com/ | https://steinerhvac.com/ | http://www.steinerhvac.com/ | ,https://www.steinerhvac.com/,200,209.17.116.160,ns3a.dns-host.com.,
99851,PBCI-Allen Mechanical & Electrical,statecollege-hvac.com,301,3,http://statecollege-hvac.com/ | https://statecollege-hvac.com/ | http://www.statecollege-hvac.com/ | ,https://www.statecollege-hvac.com/,200,209.17.116.160,ns3b.dns-host.com.,
99946,Morris Levin & Son,tularehvacservices.com,301,3,http://tularehvacservices.com/ | https://tularehvacservices.com/ | http://www.tularehvacservices.com/ | ,https://www.tularehvacservices.com/,200,209.17.116.160,ns3a.dns-host.com.,
100399,COMMUNITY COOLING & HEATING,communitycoolingheating.net,301,3,http://communitycoolingheating.net/ | https://communitycoolingheating.net/ | http://www.communitycoolingheating.net/ | ,https://www.communitycoolingheating.net/,200,209.17.116.160,ns3a.dns-host.com.,
100642,C&M Refrigeration and A/C Corp,cool-n-heat.com,301,1,http://cool-n-heat.com/ | ,http://www.cool-n-heat.com/,200,205.178.153.6,dns05.gpn.register.com.,
100705,Big Springs Plumbing, Heating, & Air,bigspringsplumbingheatingandairconditioning.com,301,1,http://bigspringsplumbingheatingandairconditioning.com/ | ,https://bigspringsplumbingheatingandairconditioning.com/,200,209.17.116.160,ns3b.dns-host.com.,
100903,Larson Heating, Air & Plumbing,larsonhvac.biz,301,3,http://larsonhvac.biz/ | https://larsonhvac.biz/ | http://www.larsonhvac.biz/ | ,https://www.larsonhvac.biz/,200,209.17.116.160,ns3a.dns-host.com.,
101094,Dix Hills Air Conditioning, Inc,dixhillsairconditioning.com,301,3,http://dixhillsairconditioning.com/ | https://dixhillsairconditioning.com/ | http://www.dixhillsairconditioning.com/ | ,https://www.dixhillsairconditioning.com/,200,209.17.116.160,ns3b.dns-host.com.,
101103,Atlantic Mechanical Services,atlanticmechanicalluxaire.com,301,3,http://atlanticmechanicalluxaire.com/ | https://atlanticmechanicalluxaire.com/ | http://www.atlanticmechanicalluxaire.com/ | ,https://www.atlanticmechanicalluxaire.com/,200,209.17.116.160,ns3b.dns-host.com.,
101523,Griffin Electric, Inc.,griffinelect.com,301,3,http://griffinelect.com/ | https://griffinelect.com/ | http://www.griffinelect.com/ | ,https://www.griffinelect.com/,200,209.17.116.160,ns3a.dns-host.com.,
101630,Ingersoll Plumbing & Heating, Inc,ingersollplumbing.com,301,3,http://ingersollplumbing.com/ | https://ingersollplumbing.com/ | http://www.ingersollplumbing.com/ | ,https://www.ingersollplumbing.com/,200,209.17.116.160,ns3b.dns-host.com.,
101718,Mr. Plumber 2,mrplumberyork.com,301,1,http://mrplumberyork.com/ | ,https://mrplumberyork.com/,200,209.17.116.160,ns3a.dns-host.com.,
102047,PJ Mechanical LLC,weymouthhvacservice.com,301,3,http://weymouthhvacservice.com/ | https://weymouthhvacservice.com/ | http://www.weymouthhvacservice.com/ | ,https://www.weymouthhvacservice.com/,200,209.17.116.160,ns3b.dns-host.com.,
102054,Hanson's Plumbing And Heating,hansonsph.com,301,3,http://hansonsph.com/ | https://hansonsph.com/ | http://www.hansonsph.com/ | ,https://www.hansonsph.com/,200,209.17.116.160,ns3a.dns-host.com.,
102544,Burns Mechanical Corp.,burnsmechanicalcorp.com,301,3,http://burnsmechanicalcorp.com/ | https://burnsmechanicalcorp.com/ | http://www.burnsmechanicalcorp.com/ | ,https://www.burnsmechanicalcorp.com/,200,209.17.116.160,ns3b.dns-host.com.,
102603,MCMILLAN REFRIGERATION,mcmillansrefrigeration.info,301,3,http://mcmillansrefrigeration.info/ | https://mcmillansrefrigeration.info/ | http://www.mcmillansrefrigeration.info/ | ,https://www.mcmillansrefrigeration.info/,200,209.17.116.160,ns3b.dns-host.com.,
103104,DEVOY'S HVAC,devoysac.com,301,3,http://devoysac.com/ | https://devoysac.com/ | http://www.devoysac.com/ | ,https://www.devoysac.com/,200,209.17.116.160,ns3a.dns-host.com.,
103119,Comfort Air Service,LLC,comfortair-york.info,301,3,http://comfortair-york.info/ | https://comfortair-york.info/ | http://www.comfortair-york.info/ | ,https://www.comfortair-york.info/,200,209.17.116.160,ns3a.dns-host.com.,
103203,Flamborough Air Systems Inc,waterdownhvacservices.com,301,3,http://waterdownhvacservices.com/ | https://waterdownhvacservices.com/ | http://www.waterdownhvacservices.com/ | ,https://www.waterdownhvacservices.com/,200,209.17.116.160,ns3a.dns-host.com.,
103582,Rick's Heating and Cooling,ricksheatcool.com,301,3,http://ricksheatcool.com/ | https://ricksheatcool.com/ | http://www.ricksheatcool.com/ | ,https://www.ricksheatcool.com/,200,209.17.116.160,ns3b.dns-host.com.,
103618,C.R. Kurtz, Inc.,crkurtzhvac.com,302,1,http://crkurtzhvac.com/ | ,http://www.crkurtz.com/,200,67.195.197.75,yns1.yahoo.com.,
103852,Erickson Plumbing & Heating,monroehvacservice.org,301,3,http://monroehvacservice.org/ | https://monroehvacservice.org/ | http://www.monroehvacservice.org/ | ,https://www.monroehvacservice.org/,200,209.17.116.160,ns3b.dns-host.com.,
103938,Russo Bros. & Co. 2,russobroscoleman.com,301,3,http://russobroscoleman.com/ | https://russobroscoleman.com/ | http://www.russobroscoleman.com/ | ,https://www.russobroscoleman.com/,200,209.17.116.160,ns3b.dns-host.com.,
104211,A&G Instalations,aginstallations.info,301,3,http://aginstallations.info/ | https://aginstallations.info/ | http://www.aginstallations.info/ | ,https://www.aginstallations.info/,200,209.17.116.160,ns3a.dns-host.com.,
104610,C & C Heating and Air Conditioning 2,cc-hvac.info,301,3,http://cc-hvac.info/ | https://cc-hvac.info/ | http://www.cc-hvac.info/ | ,https://www.cc-hvac.info/,200,209.17.116.160,ns3b.dns-host.com.,
104613,Tri County Heating,tricountyheating.info,301,3,http://tricountyheating.info/ | https://tricountyheating.info/ | http://www.tricountyheating.info/ | ,https://www.tricountyheating.info/,200,209.17.116.160,ns3b.dns-host.com.,
104713,R C Rogers Company,cambridgehvacservice.net,302,1,http://cambridgehvacservice.net/ | ,http://www.rcrogerscoheatingandair.com,200,208.43.88.227,ns07.domaincontrol.com.,
104729,Joseph C. Hazel, Inc,josephhazelinc.com,301,3,http://josephhazelinc.com/ | https://josephhazelinc.com/ | http://www.josephhazelinc.com/ | ,https://www.josephhazelinc.com/,200,209.17.116.160,ns3b.dns-host.com.,
105209,AirTech Heating & Cooling Inc,airtechpierre.com,301,3,http://airtechpierre.com/ | https://airtechpierre.com/ | http://www.airtechpierre.com/ | ,https://www.airtechpierre.com/,200,209.17.116.160,ns3b.dns-host.com.,
105305,Carefree Air,carefreeairwater.com,301,3,http://carefreeairwater.com/ | https://carefreeairwater.com/ | http://www.carefreeairwater.com/ | ,https://www.carefreeairwater.com/,200,209.17.116.160,ns3b.dns-host.com.,
105337,Warrenton Heating And Air,warrentonhvacservice.com,301,3,http://warrentonhvacservice.com/ | https://warrentonhvacservice.com/ | http://www.warrentonhvacservice.com/ | ,https://www.warrentonhvacservice.com/,200,209.17.116.160,ns3b.dns-host.com.,
105462,Burke Mechanical,burkemechanical.net,301,3,http://burkemechanical.net/ | https://burkemechanical.net/ | http://www.burkemechanical.net/ | ,https://www.burkemechanical.net/,200,209.17.116.160,ns3b.dns-host.com.,
106033,Troyer Heating & Air, Inc.,troyerheating-air.com,301,3,http://troyerheating-air.com/ | https://troyerheating-air.com/ | http://www.troyerheating-air.com/ | ,https://www.troyerheating-air.com/,200,209.17.116.160,ns3b.dns-host.com.,
106141,Flatt Heating & Air,flattheatingandair.com,301,3,http://flattheatingandair.com/ | https://flattheatingandair.com/ | http://www.flattheatingandair.com/ | ,https://www.flattheatingandair.com/,200,209.17.116.160,ns3a.dns-host.com.,
106391,Smith's plg htg a/c inc.,smithsplbghtgac.com,301,3,http://smithsplbghtgac.com/ | https://smithsplbghtgac.com/ | http://www.smithsplbghtgac.com/ | ,https://www.smithsplbghtgac.com/,200,209.17.116.160,ns3a.dns-host.com.,
106395,Hollowood Heating Inc.,californiapahvacservice.com,301,3,http://californiapahvacservice.com/ | https://californiapahvacservice.com/ | http://www.californiapahvacservice.com/ | ,https://www.californiapahvacservice.com/,200,209.17.116.160,ns3b.dns-host.com.,
106495,6 & Fix Heating & Cooling,durhamhvacservice.net,301,3,http://durhamhvacservice.net/ | https://durhamhvacservice.net/ | http://www.durhamhvacservice.net/ | ,https://www.durhamhvacservice.net/,200,209.17.116.160,ns3b.dns-host.com.,
107026,Summit Heating And Air Conditioning Inc,summitheatingandairconditioning.com,301,3,http://summitheatingandairconditioning.com/ | https://summitheatingandairconditioning.com/ | http://www.summitheatingandairconditioning.com/ | ,https://www.summitheatingandairconditioning.com/,200,209.17.116.160,ns3a.dns-host.com.,
107486,Future Mechanical Systems Ltd.,gimlihvacservice.com,301,3,http://gimlihvacservice.com/ | https://gimlihvacservice.com/ | http://www.gimlihvacservice.com/ | ,https://www.gimlihvacservice.com/,200,209.17.116.160,ns3b.dns-host.com.,
107940,Cooper Mechanical Inc,coopermechluxaire.com,301,3,http://coopermechluxaire.com/ | https://coopermechluxaire.com/ | http://www.coopermechluxaire.com/ | ,https://www.coopermechluxaire.com/,200,209.17.116.160,ns3a.dns-host.com.,
108517,Accu-Aire, Inc.,accu-aireinc.com,301,3,http://accu-aireinc.com/ | https://accu-aireinc.com/ | http://www.accu-aireinc.com/ | ,https://www.accu-aireinc.com/,200,209.17.116.160,ns3b.dns-host.com.,
108790,Economy Furnace Company Inc.,uniontownhvacservice.com,301,1,http://uniontownhvacservice.com/ | ,https://uniontownhvacservice.com/,200,209.17.116.160,ns3a.dns-host.com.,
108806,Royal Aire,keyserhvacservice.com,301,3,http://keyserhvacservice.com/ | https://keyserhvacservice.com/ | http://www.keyserhvacservice.com/ | ,https://www.keyserhvacservice.com/,200,209.17.116.160,ns3b.dns-host.com.,
108859,PRESTIGE ENERGY SERVICES,prestigeenergyservices-coleman.com,301,3,http://prestigeenergyservices-coleman.com/ | https://prestigeenergyservices-coleman.com/ | http://www.prestigeenergyservices-coleman.com/ | ,https://www.prestigeenergyservices-coleman.com/,200,209.17.116.160,ns3b.dns-host.com.,
109269,Ron Cattrell Heating & Cooling,roncatrellhvac.com,301,3,http://roncatrellhvac.com/ | https://roncatrellhvac.com/ | http://www.roncatrellhvac.com/ | ,https://www.roncatrellhvac.com/,200,209.17.116.160,ns3a.dns-host.com.,
109465,Klaus Plumbing & Heating LLC,eurekahvacservices.com,301,3,http://eurekahvacservices.com/ | https://eurekahvacservices.com/ | http://www.eurekahvacservices.com/ | ,https://www.eurekahvacservices.com/,200,209.17.116.160,ns3b.dns-host.com.,
109651,Splinter Heating & Air Conditioning,splinterheating.com,301,3,http://splinterheating.com/ | https://splinterheating.com/ | http://www.splinterheating.com/ | ,https://www.splinterheating.com/,200,209.17.116.160,ns3b.dns-host.com.,
109679,Delhagen Plumbing, Heating and Air Conditioning ,delhagenplumbingandheating.com,301,3,http://delhagenplumbingandheating.com/ | https://delhagenplumbingandheating.com/ | http://www.delhagenplumbingandheating.com/ | ,https://www.delhagenplumbingandheating.com/,200,209.17.116.160,ns3a.dns-host.com.,
109712,D & C Mechanical, Inc.,dcmechanicalhvac.com,301,1,http://dcmechanicalhvac.com/ | ,http://www.dcmechanicalhvac.com/,200,66.226.70.171,ns1.aplus.net.,
110441,Husted Plumbing & Heating,clarionhvacservices.com,301,3,http://clarionhvacservices.com/ | https://clarionhvacservices.com/ | http://www.clarionhvacservices.com/ | ,https://www.clarionhvacservices.com/,200,209.17.116.160,ns3b.dns-host.com.,
110779,Air Management Heating & Air Conditioning,airmanagementhvac.com,301,1,http://airmanagementhvac.com/ | ,https://airmanagementhvac.com/,200,209.17.116.160,ns3a.dns-host.com.,
111300,A-TEAM Heating and Air Conditioning LLC,elmernjhvacservice.com,301,3,http://elmernjhvacservice.com/ | https://elmernjhvacservice.com/ | http://www.elmernjhvacservice.com/ | ,https://www.elmernjhvacservice.com/,200,209.17.116.160,ns3b.dns-host.com.,
112061,Herman Heating & Air,wamegohvac-service.com,301,3,http://wamegohvac-service.com/ | https://wamegohvac-service.com/ | http://www.wamegohvac-service.com/ | ,https://www.wamegohvac-service.com/,200,209.17.116.160,ns3b.dns-host.com.,
112853,Doug's Heating and Air Conditioning,dougsheating.com,301,3,http://dougsheating.com/ | https://dougsheating.com/ | http://www.dougsheating.com/ | ,https://www.dougsheating.com/,200,209.17.116.160,ns3b.dns-host.com.,
114040,Competitive Heating & Air Conditioning Inc.,lumbertonhvacservice.net,301,3,http://lumbertonhvacservice.net/ | https://lumbertonhvacservice.net/ | http://www.lumbertonhvacservice.net/ | ,https://www.lumbertonhvacservice.net/,200,209.17.116.160,ns3b.dns-host.com.,
114166,Bettendorf Heating And AC,bettendorfheat.com,301,3,http://bettendorfheat.com/ | https://bettendorfheat.com/ | http://www.bettendorfheat.com/ | ,https://www.bettendorfheat.com/,200,209.17.116.160,ns3b.dns-host.com.,
114265,HOMETOWN PLUMBING & HEATING,hometownplumbingandheating.com,301,3,http://hometownplumbingandheating.com/ | https://hometownplumbingandheating.com/ | http://www.hometownplumbingandheating.com/ | ,https://www.hometownplumbingandheating.com/,200,209.17.116.160,ns3b.dns-host.com.,
115556,Carey & Walsh, Inc.,briarcliffmanornyhvacservice.com,301,1,http://briarcliffmanornyhvacservice.com/ | ,https://briarcliffmanornyhvacservice.com/,200,209.17.116.160,ns3a.dns-host.com.,
115835,KVK Inc.,kvkyork.com,301,3,http://kvkyork.com/ | https://kvkyork.com/ | http://www.kvkyork.com/ | ,https://www.kvkyork.com/,200,209.17.116.160,ns3a.dns-host.com.,
116767,Westwind,westwindhvac.ca,301,3,http://westwindhvac.ca/ | https://westwindhvac.ca/ | http://www.westwindhvac.ca/ | ,https://www.westwindhvac.ca/,200,209.17.116.160,ns3b.dns-host.com.,
117237,Jackson Comfort Heating and Cooling Systems,jacksoncomfortsystems.info,301,1,http://jacksoncomfortsystems.info/ | ,https://jacksoncomfortsystems.info/,200,209.17.116.160,ns3a.dns-host.com.,
117344,McGilberry Mechanical Heating & Cooling,mcgilberrymechanical.net,301,3,http://mcgilberrymechanical.net/ | https://mcgilberrymechanical.net/ | http://www.mcgilberrymechanical.net/ | ,https://www.mcgilberrymechanical.net/,200,209.17.116.160,ns3b.dns-host.com.,
118274,Jim's Mechanical Inc.,boilercompanyharrisontownship.com,301,3,http://boilercompanyharrisontownship.com/ | https://boilercompanyharrisontownship.com/ | http://www.boilercompanyharrisontownship.com/ | ,https://www.boilercompanyharrisontownship.com/,200,209.17.116.160,ns3b.dns-host.com.,
119339,H & R Heating And A/C,hrheatac.com,301,3,http://hrheatac.com/ | https://hrheatac.com/ | http://www.hrheatac.com/ | ,https://www.hrheatac.com/,200,209.17.116.160,ns3b.dns-host.com.,
120747,Iron Bridge Heating & Air Conditioning,ironbridgeheatac.com,301,3,http://ironbridgeheatac.com/ | https://ironbridgeheatac.com/ | http://www.ironbridgeheatac.com/ | ,https://www.ironbridgeheatac.com/,200,209.17.116.160,ns3a.dns-host.com.,
120764,Tri-Tech Heating, Inc,vancouverhvaccontractor.net,301,3,http://vancouverhvaccontractor.net/ | https://vancouverhvaccontractor.net/ | http://www.vancouverhvaccontractor.net/ | ,https://www.vancouverhvaccontractor.net/,200,209.17.116.160,ns3b.dns-host.com.,
128468,Roberson Air Conditioning,robersonairconditioning.com,301,3,http://robersonairconditioning.com/ | https://robersonairconditioning.com/ | http://www.robersonairconditioning.com/ | ,https://www.robersonairconditioning.com/,200,209.17.116.160,ns3b.dns-host.com.,
133125,J.N.K. Building Specialties LLC,jnkbuildingspecialties.com,301,1,http://jnkbuildingspecialties.com/ | ,https://jnkbuildingspecialties.com/,200,209.17.116.160,ns3a.dns-host.com.,
133136,J R MICHALSKI HEATING & AC, INC,jrmichalskiinc.com,301,3,http://jrmichalskiinc.com/ | https://jrmichalskiinc.com/ | http://www.jrmichalskiinc.com/ | ,https://www.jrmichalskiinc.com/,200,209.17.116.160,ns3b.dns-host.com.,
133464,Pleasant Breeze Heating & Cooling,hvaccontractorkansascitymo.com,301,3,http://hvaccontractorkansascitymo.com/ | https://hvaccontractorkansascitymo.com/ | http://www.hvaccontractorkansascitymo.com/ | ,https://www.hvaccontractorkansascitymo.com/,200,209.17.116.160,ns3a.dns-host.com.,
133716,Crouse Brothers HVAC, Inc.,crousebrothershvac.info,301,3,http://crousebrothershvac.info/ | https://crousebrothershvac.info/ | http://www.crousebrothershvac.info/ | ,https://www.crousebrothershvac.info/,200,209.17.116.160,ns3a.dns-host.com.,
133719,Air Intek Heating & AC,airintekheating.com,301,3,http://airintekheating.com/ | https://airintekheating.com/ | http://www.airintekheating.com/ | ,https://www.airintekheating.com/,200,209.17.116.160,ns3b.dns-host.com.,
133725,Springfield Heating & A/C Co., Inc,springfieldheat-ac.com,301,3,http://springfieldheat-ac.com/ | https://springfieldheat-ac.com/ | http://www.springfieldheat-ac.com/ | ,https://www.springfieldheat-ac.com/,200,209.17.116.160,ns3b.dns-host.com.,
134476,Getzschman Heating & Air Conditioning,getzschmanheating.info,301,1,http://getzschmanheating.info/ | ,https://getzschmanheating.info/,200,209.17.116.160,ns3b.dns-host.com.,
135305,Curtis Heating & Cooling, Inc,curtisheating.info,301,1,http://curtisheating.info/ | ,https://curtisheating.info/,200,209.17.116.160,ns3a.dns-host.com.,
135312,Air Leaders Inc.,hvaccontractortorontoon.ca,301,3,http://hvaccontractortorontoon.ca/ | https://hvaccontractortorontoon.ca/ | http://www.hvaccontractortorontoon.ca/ | ,https://www.hvaccontractortorontoon.ca/,200,209.17.116.160,ns3b.dns-host.com.,
135313,Norris Heating & Air Conditioning Corp.,norrisheatingac.com,301,3,http://norrisheatingac.com/ | https://norrisheatingac.com/ | http://www.norrisheatingac.com/ | ,https://www.norrisheatingac.com/,200,209.17.116.160,ns3b.dns-host.com.,
135634,E.H. Williams and Sons,ehwilliamsandsons.com,301,3,http://ehwilliamsandsons.com/ | https://ehwilliamsandsons.com/ | http://www.ehwilliamsandsons.com/ | ,https://www.ehwilliamsandsons.com/,200,209.17.116.160,ns3b.dns-host.com.,
136225,Haller Heating and Air Conditioning, LLC,hallerheatingandair.net,301,3,http://hallerheatingandair.net/ | https://hallerheatingandair.net/ | http://www.hallerheatingandair.net/ | ,https://www.hallerheatingandair.net/,200,209.17.116.160,ns3a.dns-host.com.,
136782,Last Call HVAC Services, LLC,grahamhvacservice.com,301,3,http://grahamhvacservice.com/ | https://grahamhvacservice.com/ | http://www.grahamhvacservice.com/ | ,https://www.grahamhvacservice.com/,200,209.17.116.160,ns3b.dns-host.com.,
136791,Alexanders Heating & Cooling,hvacservicespringfieldor.com,301,3,http://hvacservicespringfieldor.com/ | https://hvacservicespringfieldor.com/ | http://www.hvacservicespringfieldor.com/ | ,https://www.hvacservicespringfieldor.com/,200,209.17.116.160,ns3b.dns-host.com.,
136798,Harmony Heating Corp.,rockawayhvaccontractor.com,301,3,http://rockawayhvaccontractor.com/ | https://rockawayhvaccontractor.com/ | http://www.rockawayhvaccontractor.com/ | ,https://www.rockawayhvaccontractor.com/,200,209.17.116.160,ns3b.dns-host.com.,
137032,Unique Indoor Comfort (formerly Climate Technologies Inc.),bostonhvaccontractor.org,301,3,http://bostonhvaccontractor.org/ | https://bostonhvaccontractor.org/ | http://www.bostonhvaccontractor.org/ | ,https://www.bostonhvaccontractor.org/,200,209.17.116.160,ns3b.dns-host.com.,
137274,Luke Heating & Air Conditioning LLC,lukeheatingairconditioning.com,301,1,http://lukeheatingairconditioning.com/ | ,https://lukeheatingairconditioning.com/,200,209.17.116.160,ns3a.dns-host.com.,
137276,Gentry Air, Inc.,gentryair.net,301,3,http://gentryair.net/ | https://gentryair.net/ | http://www.gentryair.net/ | ,https://www.gentryair.net/,200,209.17.116.160,ns3a.dns-host.com.,
137397,Trademark Heating And Cooling,trademarkobx.com,200,,,http://trademarkobx.com/,200,72.167.191.69,b.ns.trademarkobx.com.,
137409,Deschutes Heating and Cooling,bendhvacservice.net,301,3,http://bendhvacservice.net/ | https://bendhvacservice.net/ | http://www.bendhvacservice.net/ | ,https://www.bendhvacservice.net/,200,209.17.116.160,ns3b.dns-host.com.,
137514,Koz Heating & Cooling Inc,kozheating.com,301,1,http://kozheating.com/ | ,http://www.kozheating.com/,200,205.178.153.7,dns4.name-services.com.,
138285,Alabama Electrical Contractors of Cullman,cullmanhvacservice.com,301,1,http://cullmanhvacservice.com/ | ,https://cullmanhvacservice.com/,200,209.17.116.160,ns3b.dns-host.com.,
138309,cliff's heating & cooling,scherervillehvaccontractor.com,301,3,http://scherervillehvaccontractor.com/ | https://scherervillehvaccontractor.com/ | http://www.scherervillehvaccontractor.com/ | ,https://www.scherervillehvaccontractor.com/,200,209.17.116.160,ns3b.dns-host.com.,
138387,Code Mechanical,codemechanicalbuckley.com,301,3,http://codemechanicalbuckley.com/ | https://codemechanicalbuckley.com/ | http://www.codemechanicalbuckley.com/ | ,https://www.codemechanicalbuckley.com/,200,209.17.116.160,ns3b.dns-host.com.,
138687,Quality Comfort,qualitycomfort-hvac.com,301,1,http://qualitycomfort-hvac.com/ | ,http://www.qualitycomfort-hvac.com/,200,205.178.153.7,ns3b.dns-host.com.,
138883,Long Heating, Cooling and Geothermal,hvaccontractorozark.com,301,3,http://hvaccontractorozark.com/ | https://hvaccontractorozark.com/ | http://www.hvaccontractorozark.com/ | ,https://www.hvaccontractorozark.com/,200,209.17.116.160,ns3b.dns-host.com.,
138890,Van Grol Inc,vangrolinc.net,301,1,http://vangrolinc.net/ | ,https://vangrolinc.net/,200,209.17.116.160,ns3a.dns-host.com.,
138906,Independence Mechanical,independencehvaccontractor.com,301,3,http://independencehvaccontractor.com/ | https://independencehvaccontractor.com/ | http://www.independencehvaccontractor.com/ | ,https://www.independencehvaccontractor.com/,200,209.17.116.160,ns3a.dns-host.com.,
139397,Master-Technicians and Mechanicals, LLC,hvacservicecrossettar.net,301,1,http://hvacservicecrossettar.net/ | ,https://hvacservicecrossettar.net/,200,209.17.116.160,ns3b.dns-host.com.,
139399,Glanz And Buffat Plumbing, Heating and Cooling,hvaccontractorlouisvilleky.com,301,3,http://hvaccontractorlouisvilleky.com/ | https://hvaccontractorlouisvilleky.com/ | http://www.hvaccontractorlouisvilleky.com/ | ,https://www.hvaccontractorlouisvilleky.com/,200,209.17.116.160,ns3a.dns-host.com.,
139846,Environmental Heating and Cooling,hvacservicestlouismo.com,301,1,http://hvacservicestlouismo.com/ | ,http://www.hvacservicestlouismo.com/,200,132.148.91.107,ns55.domaincontrol.com.,
139858,Knight Refrigeration,hopkinsvillehvacservice.com,301,3,http://hopkinsvillehvacservice.com/ | https://hopkinsvillehvacservice.com/ | http://www.hopkinsvillehvacservice.com/ | ,https://www.hopkinsvillehvacservice.com/,200,209.17.116.160,ns3a.dns-host.com.,
139861,Perfect Air - Robbinsville, NJ,robbinsvillehvaccontractor.com,301,3,http://robbinsvillehvaccontractor.com/ | https://robbinsvillehvaccontractor.com/ | http://www.robbinsvillehvaccontractor.com/ | ,https://www.robbinsvillehvaccontractor.com/,200,209.17.116.160,ns3a.dns-host.com.,
140076,Ultimate Comfort Heating and Cooling,ultimatecomfortwernersville.com,301,3,http://ultimatecomfortwernersville.com/ | https://ultimatecomfortwernersville.com/ | http://www.ultimatecomfortwernersville.com/ | ,https://www.ultimatecomfortwernersville.com/,200,209.17.116.160,ns3b.dns-host.com.,
140082,Wolken Plumbing & Electric,Inc.,wolkenyork.com,301,3,http://wolkenyork.com/ | https://wolkenyork.com/ | http://www.wolkenyork.com/ | ,https://www.wolkenyork.com/,200,209.17.116.160,ns3b.dns-host.com.,
140098,D.L.Haines Co. LLC HVAC,corydonhvaccontractor.com,301,2,http://corydonhvaccontractor.com/ | https://corydonhvaccontractor.com/ | ,https://www.corydonhvaccontractor.com/,200,37.60.240.120,ns1.us122.siteground.us.,
140114,A-1 Cooling, Inc.,campbellsvillehvaccontractor.com,301,3,http://campbellsvillehvaccontractor.com/ | https://campbellsvillehvaccontractor.com/ | http://www.campbellsvillehvaccontractor.com/ | ,https://www.campbellsvillehvaccontractor.com/,200,209.17.116.160,ns3a.dns-host.com.,
140271,Dave's Heating & Cooling Service, Inc,davesheatingpa.com,301,3,http://davesheatingpa.com/ | https://davesheatingpa.com/ | http://www.davesheatingpa.com/ | ,https://www.davesheatingpa.com/,200,209.17.116.160,ns3b.dns-host.com.,
140276,Tom's Heating and Cooling,peterboroughhvaccontractor.ca,301,3,http://peterboroughhvaccontractor.ca/ | https://peterboroughhvaccontractor.ca/ | http://www.peterboroughhvaccontractor.ca/ | ,https://www.peterboroughhvaccontractor.ca/,200,209.17.116.160,ns3b.dns-host.com.,
140518,Menne's Heating/Cooling & Electrical,menneshvacandelectrical.com,301,3,http://menneshvacandelectrical.com/ | https://menneshvacandelectrical.com/ | http://www.menneshvacandelectrical.com/ | ,https://www.menneshvacandelectrical.com/,200,209.17.116.160,ns3a.dns-host.com.,
140744,Quality Heating Electrical and A/C,silverdalehvaccontractor.com,301,3,http://silverdalehvaccontractor.com/ | https://silverdalehvaccontractor.com/ | http://www.silverdalehvaccontractor.com/ | ,https://www.silverdalehvaccontractor.com/,200,209.17.116.160,ns3b.dns-host.com.,
140790,Kruse Corporation,hvaccontractorwichita.net,301,3,http://hvaccontractorwichita.net/ | https://hvaccontractorwichita.net/ | http://www.hvaccontractorwichita.net/ | ,https://www.hvaccontractorwichita.net/,200,209.17.116.160,ns3a.dns-host.com.,
140808,Storm Refrigeration, Heating & A/C,galluphvaccontractor.com,301,3,http://galluphvaccontractor.com/ | https://galluphvaccontractor.com/ | http://www.galluphvaccontractor.com/ | ,https://www.galluphvaccontractor.com/,200,209.17.116.160,ns3a.dns-host.com.,
140820,Daniell Air & Electric Inc.,daniellairelectric.com,301,1,http://daniellairelectric.com/ | ,https://daniellairelectric.com/,200,209.17.116.160,ns3a.dns-host.com.,
140834,High Desert Air Ductor - Ridgecrest, CA,ridgecresthvaccontractor.com,301,3,http://ridgecresthvaccontractor.com/ | https://ridgecresthvaccontractor.com/ | http://www.ridgecresthvaccontractor.com/ | ,https://www.ridgecresthvaccontractor.com/,200,209.17.116.160,ns3b.dns-host.com.,
141282,Turnbull Heating & Air Conditioning,turnbullhvacr.com,301,1,http://turnbullhvacr.com/ | ,http://www.turnbullhvacr.com/,200,205.178.153.6,ns2.millenniumcomputerswny.com.,
141315,Barnette Services, Inc.,barnetteservices.info,301,3,http://barnetteservices.info/ | https://barnetteservices.info/ | http://www.barnetteservices.info/ | ,https://www.barnetteservices.info/,200,209.17.116.160,ns3b.dns-host.com.,
141573,Comfort Heating & Cooling,comfortheatcool.com,301,3,http://comfortheatcool.com/ | https://comfortheatcool.com/ | http://www.comfortheatcool.com/ | ,https://www.comfortheatcool.com/,200,209.17.116.160,ns3a.dns-host.com.,
141797,Custom Heating-Air Conditioning & Sheet,customheatairsheetmetal.com,301,3,http://customheatairsheetmetal.com/ | https://customheatairsheetmetal.com/ | http://www.customheatairsheetmetal.com/ | ,https://www.customheatairsheetmetal.com/,200,209.17.116.160,ns3a.dns-host.com.,
141818,Shawley's LP Gas,hagerstownhvaccontractor.com,301,3,http://hagerstownhvaccontractor.com/ | https://hagerstownhvaccontractor.com/ | http://www.hagerstownhvaccontractor.com/ | ,https://www.hagerstownhvaccontractor.com/,200,209.17.116.160,ns3a.dns-host.com.,
141831,HYETT REFRIGERATION INC,hyettrefrigerationinc.net,301,3,http://hyettrefrigerationinc.net/ | https://hyettrefrigerationinc.net/ | http://www.hyettrefrigerationinc.net/ | ,https://www.hyettrefrigerationinc.net/,200,209.17.116.160,ns3a.dns-host.com.,
141840,Carson ,portlandhvacservices.com,301,3,http://portlandhvacservices.com/ | https://portlandhvacservices.com/ | http://www.portlandhvacservices.com/ | ,https://www.portlandhvacservices.com/,200,209.17.116.160,ns3a.dns-host.com.,
141849,Budget Heating, Cooling & Plumbing,stpetershvacservice.net,301,3,http://stpetershvacservice.net/ | https://stpetershvacservice.net/ | http://www.stpetershvacservice.net/ | ,https://www.stpetershvacservice.net/,200,209.17.116.160,ns3b.dns-host.com.,
141874,Norwood Heating Ltd.,norwoodheating.com,301,3,http://norwoodheating.com/ | https://norwoodheating.com/ | http://www.norwoodheating.com/ | ,https://www.norwoodheating.com/,200,209.17.116.160,ns3a.dns-host.com.,
142028,Summit Heating & Cooling Solutions Ltd,maidstonehvacservices.com,301,1,http://maidstonehvacservices.com/ | ,https://maidstonehvacservices.com/,200,209.17.116.160,ns3b.dns-host.com.,
142123,Richter Heating And Cooling,richterheatcool.com,301,3,http://richterheatcool.com/ | https://richterheatcool.com/ | http://www.richterheatcool.com/ | ,https://www.richterheatcool.com/,200,209.17.116.160,ns3a.dns-host.com.,
142131,Marshal Heating & Cooling Ltd,reginahvacservices.com,301,3,http://reginahvacservices.com/ | https://reginahvacservices.com/ | http://www.reginahvacservices.com/ | ,https://www.reginahvacservices.com/,200,209.17.116.160,ns3b.dns-host.com.,
142144,CerProTech Heating & Air, LLC,cerprotechllc.com,301,3,http://cerprotechllc.com/ | https://cerprotechllc.com/ | http://www.cerprotechllc.com/ | ,https://www.cerprotechllc.com/,200,209.17.116.160,ns3b.dns-host.com.,
142167,Northwest Energy Systems of Washington,bellinghamhvaccontractor.com,301,3,http://bellinghamhvaccontractor.com/ | https://bellinghamhvaccontractor.com/ | http://www.bellinghamhvaccontractor.com/ | ,https://www.bellinghamhvaccontractor.com/,200,209.17.116.160,ns3a.dns-host.com.,
142184,Phoenix Mechanical Co., Inc,phoenixmech.info,301,3,http://phoenixmech.info/ | https://phoenixmech.info/ | http://www.phoenixmech.info/ | ,https://www.phoenixmech.info/,200,209.17.116.160,ns3a.dns-host.com.,
142186,Efficiency Heating & Air Conditioning lt,shawniganlakehvacservices.com,301,3,http://shawniganlakehvacservices.com/ | https://shawniganlakehvacservices.com/ | http://www.shawniganlakehvacservices.com/ | ,https://www.shawniganlakehvacservices.com/,200,209.17.116.160,ns3a.dns-host.com.,
142190,Aced Heating & Cooling Inc.,hvaccontractortrenton.com,301,3,http://hvaccontractortrenton.com/ | https://hvaccontractortrenton.com/ | http://www.hvaccontractortrenton.com/ | ,https://www.hvaccontractortrenton.com/,200,209.17.116.160,ns3a.dns-host.com.,
142197,Slaymaker Heating/Air Conditioning, Inc.,slaymakerheatingair.com,301,3,http://slaymakerheatingair.com/ | https://slaymakerheatingair.com/ | http://www.slaymakerheatingair.com/ | ,https://www.slaymakerheatingair.com/,200,209.17.116.160,ns3b.dns-host.com.,
142604,Horton Heating and Cooling, LLC,hortonhvac.com,301,3,http://hortonhvac.com/ | https://hortonhvac.com/ | http://www.hortonhvac.com/ | ,https://www.hortonhvac.com/,200,209.17.116.160,ns3a.dns-host.com.,
142620,NA LASZLO PHVAC,laszloheatingac.com,301,1,http://laszloheatingac.com/ | ,https://laszloheatingac.com/,200,209.17.116.160,ns3b.dns-host.com.,
142717,Maurer Heating & Cooling,owossohvac.com,301,3,http://owossohvac.com/ | https://owossohvac.com/ | http://www.owossohvac.com/ | ,https://www.owossohvac.com/,200,209.17.116.160,ns3b.dns-host.com.,
142723,Climate Plus, LLC,climateplus-coleman.com,301,3,http://climateplus-coleman.com/ | https://climateplus-coleman.com/ | http://www.climateplus-coleman.com/ | ,https://www.climateplus-coleman.com/,200,209.17.116.160,ns3a.dns-host.com.,
142726,BRODY'S MECHANICAL SERVICES INC,brodysmechanicalservicesinc.com,301,3,http://brodysmechanicalservicesinc.com/ | https://brodysmechanicalservicesinc.com/ | http://www.brodysmechanicalservicesinc.com/ | ,https://www.brodysmechanicalservicesinc.com/,200,209.17.116.160,ns3a.dns-host.com.,
143068,Larew Kuper Co,larewkuperco.com,301,1,http://larewkuperco.com/ | ,https://larewkuperco.com/,200,209.17.116.160,ns3a.dns-host.com.,
143241,LARRY THE PLUMBING GUY,maroahvacservice.com,301,3,http://maroahvacservice.com/ | https://maroahvacservice.com/ | http://www.maroahvacservice.com/ | ,https://www.maroahvacservice.com/,200,209.17.116.160,ns3a.dns-host.com.,
143242,Ackerman Heating & A/C, Inc.,hvaccontractorviborgsd.com,301,3,http://hvaccontractorviborgsd.com/ | https://hvaccontractorviborgsd.com/ | http://www.hvaccontractorviborgsd.com/ | ,https://www.hvaccontractorviborgsd.com/,200,209.17.116.160,ns3b.dns-host.com.,
143692,Anderson Cooling & Heating Inc.,minneapolishvacservice.net,301,3,http://minneapolishvacservice.net/ | https://minneapolishvacservice.net/ | http://www.minneapolishvacservice.net/ | ,https://www.minneapolishvacservice.net/,200,209.17.116.160,ns3b.dns-host.com.,
143700,Keck Heating & Air Conditioning, Inc,quincyhvacservice.net,301,3,http://quincyhvacservice.net/ | https://quincyhvacservice.net/ | http://www.quincyhvacservice.net/ | ,https://www.quincyhvacservice.net/,200,209.17.116.160,ns3b.dns-host.com.,
143702,Ecofficient Heating and Cooling - Okemos, MI,okemosmihvaccontractor.com,301,3,http://okemosmihvaccontractor.com/ | https://okemosmihvaccontractor.com/ | http://www.okemosmihvaccontractor.com/ | ,https://www.okemosmihvaccontractor.com/,200,209.17.116.160,ns3b.dns-host.com.,
143703,Varner & Rawlings Heating & A/C INC,varnerandrawlings.com,301,2,http://varnerandrawlings.com/ | http://www.varnerandrawlings.com/ | ,https://www.varnerandrawlings.com/,200,205.147.88.159,ns41.domaincontrol.com.,
143707,Countryside Plumbing & Heating Inc,hvacservicesjackson.com,301,3,http://hvacservicesjackson.com/ | https://hvacservicesjackson.com/ | http://www.hvacservicesjackson.com/ | ,https://www.hvacservicesjackson.com/,200,209.17.116.160,ns3b.dns-host.com.,
143709,Ashton Service Group,vancouverhvaccontractors.ca,301,1,http://vancouverhvaccontractors.ca/ | ,https://vancouverhvaccontractors.ca/,200,209.17.116.160,ns3b.dns-host.com.,
143710,McVey Mechanical Service,farmingtonhvacservice.net,301,3,http://farmingtonhvacservice.net/ | https://farmingtonhvacservice.net/ | http://www.farmingtonhvacservice.net/ | ,https://www.farmingtonhvacservice.net/,200,209.17.116.160,ns3a.dns-host.com.,
143712,Godwin Heating & Cooling,godwinheatandcool.com,301,3,http://godwinheatandcool.com/ | https://godwinheatandcool.com/ | http://www.godwinheatandcool.com/ | ,https://www.godwinheatandcool.com/,200,209.17.116.160,ns3a.dns-host.com.,
143719,DIPAOLA QUALITY CLIMATE CONTROL,dipaolaheating.net,301,3,http://dipaolaheating.net/ | https://dipaolaheating.net/ | http://www.dipaolaheating.net/ | ,https://www.dipaolaheating.net/,200,209.17.116.160,ns3a.dns-host.com.,
144220,Airtec Service, Inc.,woodbridgenjhvaccontractor.com,301,3,http://woodbridgenjhvaccontractor.com/ | https://woodbridgenjhvaccontractor.com/ | http://www.woodbridgenjhvaccontractor.com/ | ,https://www.woodbridgenjhvaccontractor.com/,200,209.17.116.160,ns3a.dns-host.com.,
144949,Martin's Electric,martinselectric.com,301,1,http://martinselectric.com/ | ,https://martinselectric.com/,200,209.17.116.160,ns3a.dns-host.com.,
145372,Nordic Temperature Control Inc.,nordictemp-coleman.com,301,3,http://nordictemp-coleman.com/ | https://nordictemp-coleman.com/ | http://www.nordictemp-coleman.com/ | ,https://www.nordictemp-coleman.com/,200,209.17.116.160,ns3a.dns-host.com.,
145423,Buchanan & Hall,stratfordhvacservice.ca,301,3,http://stratfordhvacservice.ca/ | https://stratfordhvacservice.ca/ | http://www.stratfordhvacservice.ca/ | ,https://www.stratfordhvacservice.ca/,200,209.17.116.160,ns3a.dns-host.com.,
145428,George H. Burns, Inc,wilmingtonhvaccontractor.org,301,3,http://wilmingtonhvaccontractor.org/ | https://wilmingtonhvaccontractor.org/ | http://www.wilmingtonhvaccontractor.org/ | ,https://www.wilmingtonhvaccontractor.org/,200,209.17.116.160,ns3b.dns-host.com.,
145630,Olsen Plumbing and Heating Inc,montevideohvacservice.com,301,3,http://montevideohvacservice.com/ | https://montevideohvacservice.com/ | http://www.montevideohvacservice.com/ | ,https://www.montevideohvacservice.com/,200,209.17.116.160,ns3a.dns-host.com.,
145940,Abram Refrigeration & Sheet Metal,abramsheetmetal.com,301,1,http://abramsheetmetal.com/ | ,https://abramsheetmetal.com/,200,209.17.116.160,ns3b.dns-host.com.,
145942,Therm Ayre Co., LLC.,therm-ayre.com,301,3,http://therm-ayre.com/ | https://therm-ayre.com/ | http://www.therm-ayre.com/ | ,https://www.therm-ayre.com/,200,209.17.116.160,ns3b.dns-host.com.,
146509,Comfort Central of NJ inc,comfortcentralofnj.com,301,3,http://comfortcentralofnj.com/ | https://comfortcentralofnj.com/ | http://www.comfortcentralofnj.com/ | ,https://www.comfortcentralofnj.com/,200,209.17.116.160,ns3a.dns-host.com.,
146744,Air Solutions, Inc.,stamfordhvacservice.net,301,3,http://stamfordhvacservice.net/ | https://stamfordhvacservice.net/ | http://www.stamfordhvacservice.net/ | ,https://www.stamfordhvacservice.net/,200,209.17.116.160,ns3a.dns-host.com.,
146753,Boone Heating & Air Conditioning Inc.,booneheatingandairinc.com,301,1,http://booneheatingandairinc.com/ | ,https://booneheatingandairinc.com/,200,209.17.116.160,ns3b.dns-host.com.,
146756,Adj of Stamford Inc.,stamfordhvaccontractors.com,301,3,http://stamfordhvaccontractors.com/ | https://stamfordhvaccontractors.com/ | http://www.stamfordhvaccontractors.com/ | ,https://www.stamfordhvaccontractors.com/,200,209.17.116.160,ns3b.dns-host.com.,
146762,LD Plumbing & Heating - Ladysmith, BC,ladysmithhvacservice.com,301,3,http://ladysmithhvacservice.com/ | https://ladysmithhvacservice.com/ | http://www.ladysmithhvacservice.com/ | ,https://www.ladysmithhvacservice.com/,200,209.17.116.160,ns3a.dns-host.com.,
146909,Active Heating, Inc.,activeheatinginc.com,301,1,http://activeheatinginc.com/ | ,http://www.activeheatinginc.com/,200,205.178.153.6,ns43.domaincontrol.com.,
146915,Elite Mechanical Systems,windomhvaccontractor.com,301,3,http://windomhvaccontractor.com/ | https://windomhvaccontractor.com/ | http://www.windomhvaccontractor.com/ | ,https://www.windomhvaccontractor.com/,200,209.17.116.160,ns3b.dns-host.com.,
147099,Cross Winds Heating and Cooling LLC,bigtimberhvacservice.com,301,3,http://bigtimberhvacservice.com/ | https://bigtimberhvacservice.com/ | http://www.bigtimberhvacservice.com/ | ,https://www.bigtimberhvacservice.com/,200,209.17.116.160,ns3a.dns-host.com.,
147101,K&S Heating and Cooling,kshvac.com,301,3,http://kshvac.com/ | https://kshvac.com/ | http://www.kshvac.com/ | ,https://www.kshvac.com/,200,209.17.116.160,ns3a.dns-host.com.,
147273,Jeffries Plumbing, Heating And AC,jeffrieshvac.com,301,3,http://jeffrieshvac.com/ | https://jeffrieshvac.com/ | http://www.jeffrieshvac.com/ | ,https://www.jeffrieshvac.com/,200,209.17.116.160,ns3a.dns-host.com.,
147924,All Air HVAC LLC,brooklynhvacservices.net,301,1,http://brooklynhvacservices.net/ | ,https://brooklynhvacservices.net/,200,209.17.116.160,ns3b.dns-host.com.,
147928,Parde Electric, Heating & Cooling,pardeelectric.com,301,1,http://pardeelectric.com/ | ,https://pardeelectric.com/,200,209.17.116.160,ns3a.dns-host.com.,
148210,Ultra Air Inc,ultraair.us,301,3,http://ultraair.us/ | https://ultraair.us/ | http://www.ultraair.us/ | ,https://www.ultraair.us/,200,209.17.116.160,ns3a.dns-host.com.,
148804,Pelham Bay Air Conditioning,bronxhvaccontractor.net,301,3,http://bronxhvaccontractor.net/ | https://bronxhvaccontractor.net/ | http://www.bronxhvaccontractor.net/ | ,https://www.bronxhvaccontractor.net/,200,209.17.116.160,ns3a.dns-host.com.,
148811,Quality Construction - Lyndhurst, NJ,lyndhursthvacservice.com,301,3,http://lyndhursthvacservice.com/ | https://lyndhursthvacservice.com/ | http://www.lyndhursthvacservice.com/ | ,https://www.lyndhursthvacservice.com/,200,209.17.116.160,ns3b.dns-host.com.,
148842,Daniell Electric & Refrigeration Service,arkadelphiahvacservice.com,301,3,http://arkadelphiahvacservice.com/ | https://arkadelphiahvacservice.com/ | http://www.arkadelphiahvacservice.com/ | ,https://www.arkadelphiahvacservice.com/,200,209.17.116.160,ns3a.dns-host.com.,
149017,Knight Electric Heating and Cooling,russellvillehvacservice.com,301,3,http://russellvillehvacservice.com/ | https://russellvillehvacservice.com/ | http://www.russellvillehvacservice.com/ | ,https://www.russellvillehvacservice.com/,200,209.17.116.160,ns3a.dns-host.com.,
149332,Hylton Heat & Air, LLC,seviervillehvacservices.com,301,3,http://seviervillehvacservices.com/ | https://seviervillehvacservices.com/ | http://www.seviervillehvacservices.com/ | ,https://www.seviervillehvacservices.com/,200,209.17.116.160,ns3a.dns-host.com.,
149553,Becker Heating LLC - Eagan, MN,beckerheating.com,301,3,http://beckerheating.com/ | https://beckerheating.com/ | http://www.beckerheating.com/ | ,https://www.beckerheating.com/,200,209.17.116.160,ns3b.dns-host.com.,
150374,LONG GREEN HTG & A.C. CO,longgreenheatingandac.com,301,3,http://longgreenheatingandac.com/ | https://longgreenheatingandac.com/ | http://www.longgreenheatingandac.com/ | ,https://www.longgreenheatingandac.com/,200,209.17.116.160,ns3a.dns-host.com.,
150378,Burnison Plumbing and Heating,burnisonplumbingheating.com,301,3,http://burnisonplumbingheating.com/ | https://burnisonplumbingheating.com/ | http://www.burnisonplumbingheating.com/ | ,https://www.burnisonplumbingheating.com/,200,209.17.116.160,ns3a.dns-host.com.,
150380,Delaware Heating & Air Conditioning,delawareheatingandair.com,301,3,http://delawareheatingandair.com/ | https://delawareheatingandair.com/ | http://www.delawareheatingandair.com/ | ,https://www.delawareheatingandair.com/,200,209.17.116.160,ns3a.dns-host.com.,
150393,Setpoint Heating and Air Conditioning,mapleridgehvaccontractor.ca,301,3,http://mapleridgehvaccontractor.ca/ | https://mapleridgehvaccontractor.ca/ | http://www.mapleridgehvaccontractor.ca/ | ,https://www.mapleridgehvaccontractor.ca/,200,209.17.116.160,ns3b.dns-host.com.,
151524,Coastal Heat Pumps & Refrigeration,northsaanichhvaccontractor.ca,301,3,http://northsaanichhvaccontractor.ca/ | https://northsaanichhvaccontractor.ca/ | http://www.northsaanichhvaccontractor.ca/ | ,https://www.northsaanichhvaccontractor.ca/,200,209.17.116.160,ns3b.dns-host.com.,
151531,Seward Heating and Cooling,sewardheatingcooling.com,301,3,http://sewardheatingcooling.com/ | https://sewardheatingcooling.com/ | http://www.sewardheatingcooling.com/ | ,https://www.sewardheatingcooling.com/,200,209.17.116.160,ns3b.dns-host.com.,
151537,Turner Heating and Cooling,shepherdsvillehvaccontractor.com,301,3,http://shepherdsvillehvaccontractor.com/ | https://shepherdsvillehvaccontractor.com/ | http://www.shepherdsvillehvaccontractor.com/ | ,https://www.shepherdsvillehvaccontractor.com/,200,209.17.116.160,ns3a.dns-host.com.,
152026,Big Horn Heating And Cooling Inc,bighornheatingandcooling.com,301,2,http://bighornheatingandcooling.com/ | https://bighornheatingandcooling.com/ | ,https://www.bighornheatingandcooling.com/,200,204.13.111.44,ns6.imarketsolutions.com.,
152092,Desert Suns Heating & Cooling Inc.,desertsunsheating-cooling.com,301,3,http://desertsunsheating-cooling.com/ | https://desertsunsheating-cooling.com/ | http://www.desertsunsheating-cooling.com/ | ,https://www.desertsunsheating-cooling.com/,200,209.17.116.160,ns3b.dns-host.com.,
152095,Strathmore Air Conditioning, Inc,strathmoreac.com,301,1,http://strathmoreac.com/ | ,http://www.strathmoreac.com/,200,205.178.153.6,ns67.domaincontrol.com.,
152291,Rosebush Heating and Cooling Ltd,rosebushheatingcooling.info,301,3,http://rosebushheatingcooling.info/ | https://rosebushheatingcooling.info/ | http://www.rosebushheatingcooling.info/ | ,https://www.rosebushheatingcooling.info/,200,209.17.116.160,ns3a.dns-host.com.,
152292,Ed's Heating & Cooling - Hollister, MO,edshvacservices.com,301,1,http://edshvacservices.com/ | ,https://edshvacservices.com/,200,209.17.116.160,ns3b.dns-host.com.,
152299,Toney wilkerson heating, air and electri,oxfordhvacservices.com,301,1,http://oxfordhvacservices.com/ | ,https://oxfordhvacservices.com/,200,209.17.116.160,ns3b.dns-host.com.,
152461,Dan Storm Heating and Cooling,torontoonhvaccontractor.ca,301,3,http://torontoonhvaccontractor.ca/ | https://torontoonhvaccontractor.ca/ | http://www.torontoonhvaccontractor.ca/ | ,https://www.torontoonhvaccontractor.ca/,200,209.17.116.160,ns3b.dns-host.com.,
154433,Zeh Plumbing Heating and Cooling,zehplumbing.com,301,3,http://zehplumbing.com/ | https://zehplumbing.com/ | http://www.zehplumbing.com/ | ,https://www.zehplumbing.com/,200,209.17.116.160,ns3b.dns-host.com.,
155217,Vincor Heating & Air Conditioning,vincorheatingac.com,301,3,http://vincorheatingac.com/ | https://vincorheatingac.com/ | http://www.vincorheatingac.com/ | ,https://www.vincorheatingac.com/,200,209.17.116.160,ns3a.dns-host.com.,
156423,RedBlue Heating and A/C,victoriahvaccontractor.ca,301,3,http://victoriahvaccontractor.ca/ | https://victoriahvaccontractor.ca/ | http://www.victoriahvaccontractor.ca/ | ,https://www.victoriahvaccontractor.ca/,200,209.17.116.160,ns3b.dns-host.com.,
156719,All Temp Heating & Air Conditioning,all-temp.info,301,1,http://all-temp.info/ | ,https://all-temp.info/,200,209.17.116.160,ns3a.dns-host.com.,
158626,Scholl Mechanical,rockinghamhvacservices.com,301,3,http://rockinghamhvacservices.com/ | https://rockinghamhvacservices.com/ | http://www.rockinghamhvacservices.com/ | ,https://www.rockinghamhvacservices.com/,200,209.17.116.160,ns3b.dns-host.com.,
159672,Frank J. Klein & Sons Inc.,kleinandsons.info,301,1,http://kleinandsons.info/ | ,https://kleinandsons.info/,200,209.17.116.160,ns3a.dns-host.com.,
159676,Scott's Refrigeration and AC Inc,scottsrefrigeration.net,301,3,http://scottsrefrigeration.net/ | https://scottsrefrigeration.net/ | http://www.scottsrefrigeration.net/ | ,https://www.scottsrefrigeration.net/,200,209.17.116.160,ns3a.dns-host.com.,
159789,Borchers Mechanical Services Inc.,borchersmechanical.info,301,3,http://borchersmechanical.info/ | https://borchersmechanical.info/ | http://www.borchersmechanical.info/ | ,https://www.borchersmechanical.info/,200,209.17.116.160,ns3a.dns-host.com.,
160496,I.S. Air Control, Inc.,washingtontownshiphvacservice.com,301,3,http://washingtontownshiphvacservice.com/ | https://washingtontownshiphvacservice.com/ | http://www.washingtontownshiphvacservice.com/ | ,https://www.washingtontownshiphvacservice.com/,200,209.17.116.160,ns3b.dns-host.com.,
160502,Buford Heating & Air,bufordheatingpaducahky.com,301,3,http://bufordheatingpaducahky.com/ | https://bufordheatingpaducahky.com/ | http://www.bufordheatingpaducahky.com/ | ,https://www.bufordheatingpaducahky.com/,200,209.17.116.160,ns3b.dns-host.com.,
160511,JCI - Aire Serv of Cyclone Country,ameshvacservices.com,301,3,http://ameshvacservices.com/ | https://ameshvacservices.com/ | http://www.ameshvacservices.com/ | ,https://www.ameshvacservices.com/,200,209.17.116.160,ns3b.dns-host.com.,
160545,Ken Sanders Heating & Cooling, Inc.,kensandersheatcool.com,301,3,http://kensandersheatcool.com/ | https://kensandersheatcool.com/ | http://www.kensandersheatcool.com/ | ,https://www.kensandersheatcool.com/,200,209.17.116.160,ns3b.dns-host.com.,
160625,Kooltech Refrigeration,kooltechrefrigeration.com,301,3,http://kooltechrefrigeration.com/ | https://kooltechrefrigeration.com/ | http://www.kooltechrefrigeration.com/ | ,https://www.kooltechrefrigeration.com/,200,209.17.116.160,ns3b.dns-host.com.,
160634,Advantage Heating and Cooling Ltd,advantageheatingltd.net,301,3,http://advantageheatingltd.net/ | https://advantageheatingltd.net/ | http://www.advantageheatingltd.net/ | ,https://www.advantageheatingltd.net/,200,209.17.116.160,ns3b.dns-host.com.,
160643,Geo-Teck Heating & Cooling,zurichhvaccontractor.ca,301,3,http://zurichhvaccontractor.ca/ | https://zurichhvaccontractor.ca/ | http://www.zurichhvaccontractor.ca/ | ,https://www.zurichhvaccontractor.ca/,200,209.17.116.160,ns3b.dns-host.com.,
160879,A-1 Certified Service, Inc,hvaccontractorknoxville.com,301,3,http://hvaccontractorknoxville.com/ | https://hvaccontractorknoxville.com/ | http://www.hvaccontractorknoxville.com/ | ,https://www.hvaccontractorknoxville.com/,200,209.17.116.160,ns3a.dns-host.com.,
160883,Dairy Air Heating & Cooling,mukwonagohvacservice.com,301,1,http://mukwonagohvacservice.com/ | ,https://mukwonagohvacservice.com/,200,209.17.116.160,ns3a.dns-host.com.,
161015,McCormick Heating & Cooling,hvacservicealton.com,301,3,http://hvacservicealton.com/ | https://hvacservicealton.com/ | http://www.hvacservicealton.com/ | ,https://www.hvacservicealton.com/,200,209.17.116.160,ns3b.dns-host.com.,
161032,MAXIMUS Heating & Cooling Md. LLC. - Riva, MD,rivahvaccontractor.com,301,1,http://rivahvaccontractor.com/ | ,https://rivahvaccontractor.com/,200,209.17.116.160,ns3b.dns-host.com.,
161786,Blue Air One Inc.,blueaironeinc.com,301,1,http://blueaironeinc.com/ | ,https://blueaironeinc.com/,200,209.17.116.160,ns3b.dns-host.com.,
163076,Shore Point Electric A/C & Heating,newgretnahvaccontractor.com,301,3,http://newgretnahvaccontractor.com/ | https://newgretnahvaccontractor.com/ | http://www.newgretnahvaccontractor.com/ | ,https://www.newgretnahvaccontractor.com/,200,209.17.116.160,ns3b.dns-host.com.,
163885,Odessa Heating & Cooling,odessahvac.com,301,1,http://odessahvac.com/ | ,https://odessahvac.com/,200,209.17.116.160,ns3b.dns-host.com.,
167519,Probst Refrigeration and Heating, Inc,probstref.com,301,3,http://probstref.com/ | https://probstref.com/ | http://www.probstref.com/ | ,https://www.probstref.com/,200,209.17.116.160,ns3a.dns-host.com.,
167521,Joseph Moore Heating And Cooling, Inc,hvacservicemacomb.com,301,3,http://hvacservicemacomb.com/ | https://hvacservicemacomb.com/ | http://www.hvacservicemacomb.com/ | ,https://www.hvacservicemacomb.com/,200,209.17.116.160,ns3b.dns-host.com.,
167613,Advantage Air,seviervillehvaccontractor.com,301,3,http://seviervillehvaccontractor.com/ | https://seviervillehvaccontractor.com/ | http://www.seviervillehvaccontractor.com/ | ,https://www.seviervillehvaccontractor.com/,200,209.17.116.160,ns3a.dns-host.com.,
169354,Nottawasaga Mechanical,nottawasagamechanical.net,301,3,http://nottawasagamechanical.net/ | https://nottawasagamechanical.net/ | http://www.nottawasagamechanical.net/ | ,https://www.nottawasagamechanical.net/,200,209.17.116.160,ns3a.dns-host.com.,
171277,Sandpiper Heating & Air Conditioning,calabashhvaccontractor.com,301,3,http://calabashhvaccontractor.com/ | https://calabashhvaccontractor.com/ | http://www.calabashhvaccontractor.com/ | ,https://www.calabashhvaccontractor.com/,200,209.17.116.160,ns3b.dns-host.com.,
171291,ARC Electric, Air-Conditioning & Heating,arcelechvac.info,301,4,http://arcelechvac.info/ | https://arcelechvac.info/ | http://www.arcelechvac.info/ | https://www.arcelechvac.info/ | ,http://www.arcelechvac.com/,200,208.43.88.227,dns02.gpn.register.com.,
171516,Alumbaugh, Inc,higginsvillehvacservice.com,301,1,http://higginsvillehvacservice.com/ | ,https://higginsvillehvacservice.com/,200,209.17.116.160,ns3a.dns-host.com.,
172636,CGW Plumbing and Heating Ltd,nelsonhvacservices.ca,301,3,http://nelsonhvacservices.ca/ | https://nelsonhvacservices.ca/ | http://www.nelsonhvacservices.ca/ | ,https://www.nelsonhvacservices.ca/,200,209.17.116.160,ns3b.dns-host.com.,
172642,All About Care Heating & Air, Inc.,winstonsalemhvacservices.com,301,3,http://winstonsalemhvacservices.com/ | https://winstonsalemhvacservices.com/ | http://www.winstonsalemhvacservices.com/ | ,https://www.winstonsalemhvacservices.com/,200,209.17.116.160,ns3b.dns-host.com.,
172668,Geerts Plumbing & Heating, Inc.,geertsplumbingheating.com,301,3,http://geertsplumbingheating.com/ | https://geertsplumbingheating.com/ | http://www.geertsplumbingheating.com/ | ,https://www.geertsplumbingheating.com/,200,209.17.116.160,ns3a.dns-host.com.,
173145,Heartland Heating and Cooling,heartlandheatingcooling.com,301,1,http://heartlandheatingcooling.com/ | ,http://www.heartlandheatingcooling.com/,200,205.178.153.7,dns3.name-services.com.,
173927,Cade's Heating & Air LLC,cadesheatingair.com,301,3,http://cadesheatingair.com/ | https://cadesheatingair.com/ | http://www.cadesheatingair.com/ | ,https://www.cadesheatingair.com/,200,209.17.116.160,ns3b.dns-host.com.,
174451,Cross Country Mechanical, Ltd,sprucegrovehvacservices.ca,301,3,http://sprucegrovehvacservices.ca/ | https://sprucegrovehvacservices.ca/ | http://www.sprucegrovehvacservices.ca/ | ,https://www.sprucegrovehvacservices.ca/,200,209.17.116.160,ns3a.dns-host.com.,
175178,CHARLES F OBER & SON, INC,voorheeshvacservice.com,301,3,http://voorheeshvacservice.com/ | https://voorheeshvacservice.com/ | http://www.voorheeshvacservice.com/ | ,https://www.voorheeshvacservice.com/,200,209.17.116.160,ns3a.dns-host.com.,
175188,K & R Mechanical Ltd.,aldergrovehvacservices.ca,301,3,http://aldergrovehvacservices.ca/ | https://aldergrovehvacservices.ca/ | http://www.aldergrovehvacservices.ca/ | ,https://www.aldergrovehvacservices.ca/,200,209.17.116.160,ns3a.dns-host.com.,
177732,Anderson Air & Heating Co.,richmondairconditionerinstaller.com,301,3,http://richmondairconditionerinstaller.com/ | https://richmondairconditionerinstaller.com/ | http://www.richmondairconditionerinstaller.com/ | ,https://www.richmondairconditionerinstaller.com/,200,209.17.116.160,ns3a.dns-host.com.,
177797,Killingsworth Environmental,hvacservicecharlotte.com,301,3,http://hvacservicecharlotte.com/ | https://hvacservicecharlotte.com/ | http://www.hvacservicecharlotte.com/ | ,https://www.hvacservicecharlotte.com/,200,209.17.116.160,ns3a.dns-host.com.,
177801,Tinstar Heating and Cooling,tinstarhvac.com,301,3,http://tinstarhvac.com/ | https://tinstarhvac.com/ | http://www.tinstarhvac.com/ | ,https://www.tinstarhvac.com/,200,209.17.116.160,ns3a.dns-host.com.,
178855,Springbok Heating & Air Ltd,torontoonhvacservices.com,301,3,http://torontoonhvacservices.com/ | https://torontoonhvacservices.com/ | http://www.torontoonhvacservices.com/ | ,https://www.torontoonhvacservices.com/,200,209.17.116.160,ns3a.dns-host.com.,
180097,Climate Solutions,siouxcityairconditioninginstall.com,301,3,http://siouxcityairconditioninginstall.com/ | https://siouxcityairconditioninginstall.com/ | http://www.siouxcityairconditioninginstall.com/ | ,https://www.siouxcityairconditioninginstall.com/,200,209.17.116.160,ns3b.dns-host.com.,
180106,Elmore Heating & Air,princetonhvacservice.com,301,3,http://princetonhvacservice.com/ | https://princetonhvacservice.com/ | http://www.princetonhvacservice.com/ | ,https://www.princetonhvacservice.com/,200,209.17.116.160,ns3b.dns-host.com.,
182358,Canadian Western Mechanical,quesnelhvacservice.ca,301,3,http://quesnelhvacservice.ca/ | https://quesnelhvacservice.ca/ | http://www.quesnelhvacservice.ca/ | ,https://www.quesnelhvacservice.ca/,200,209.17.116.160,ns3a.dns-host.com.,
185668,Precision Refrigeration Ltd,victoriahvacservices.ca,301,3,http://victoriahvacservices.ca/ | https://victoriahvacservices.ca/ | http://www.victoriahvacservices.ca/ | ,https://www.victoriahvacservices.ca/,200,209.17.116.160,ns3a.dns-host.com.,
186730,Noris Heating And Cooling,winnipeghvacservice.ca,301,3,http://winnipeghvacservice.ca/ | https://winnipeghvacservice.ca/ | http://www.winnipeghvacservice.ca/ | ,https://www.winnipeghvacservice.ca/,200,209.17.116.160,ns3a.dns-host.com.,
202489,Hunter Heating and Air Conditioning Co.,hunterheatingandac.com,301,3,http://hunterheatingandac.com/ | https://hunterheatingandac.com/ | http://www.hunterheatingandac.com/ | ,https://www.hunterheatingandac.com/,200,209.17.116.160,ns3a.dns-host.com.,
202498,Simpson Mechanical LLC,simpsonmechanicalllc.com,301,3,http://simpsonmechanicalllc.com/ | https://simpsonmechanicalllc.com/ | http://www.simpsonmechanicalllc.com/ | ,https://www.simpsonmechanicalllc.com/,200,209.17.116.160,ns3a.dns-host.com.,
202516,Wilson and Son Heating and Air Conditioning, Inc.,wilsonandsonheatingac.com,301,3,http://wilsonandsonheatingac.com/ | https://wilsonandsonheatingac.com/ | http://www.wilsonandsonheatingac.com/ | ,https://www.wilsonandsonheatingac.com/,200,209.17.116.160,ns3a.dns-host.com.,
202519,Harms Construction,harmsconstructionheatingac.com,301,3,http://harmsconstructionheatingac.com/ | https://harmsconstructionheatingac.com/ | http://www.harmsconstructionheatingac.com/ | ,https://www.harmsconstructionheatingac.com/,200,209.17.116.160,ns3a.dns-host.com.,
202520,FDR HVAC,fdrhvacclearfield.com,301,3,http://fdrhvacclearfield.com/ | https://fdrhvacclearfield.com/ | http://www.fdrhvacclearfield.com/ | ,https://www.fdrhvacclearfield.com/,200,209.17.116.160,ns3a.dns-host.com.,
202713,Absaroka Heating & Air, LLC,absarokaheatingandair.com,301,3,http://absarokaheatingandair.com/ | https://absarokaheatingandair.com/ | http://www.absarokaheatingandair.com/ | ,https://www.absarokaheatingandair.com/,200,209.17.116.160,ns3b.dns-host.com.,
202722,Andy West Heating & Cooling,andywestheatingandcooling.com,301,3,http://andywestheatingandcooling.com/ | https://andywestheatingandcooling.com/ | http://www.andywestheatingandcooling.com/ | ,https://www.andywestheatingandcooling.com/,200,209.17.116.160,ns3a.dns-host.com.,
202875,Reling Refrigeration, Heating & Air Conditioning,relingrefrigerationheatingac.com,301,3,http://relingrefrigerationheatingac.com/ | https://relingrefrigerationheatingac.com/ | http://www.relingrefrigerationheatingac.com/ | ,https://www.relingrefrigerationheatingac.com/,200,209.17.116.160,ns3a.dns-host.com.,
202905,All-Spec Heating & Cooling, LLC,allspecheatingandcooling.com,301,1,http://allspecheatingandcooling.com/ | ,https://allspecheatingandcooling.com/,200,209.17.116.160,ns3a.dns-host.com.,
202910,Minn's Air Service,minnsairservice.com,301,3,http://minnsairservice.com/ | https://minnsairservice.com/ | http://www.minnsairservice.com/ | ,https://www.minnsairservice.com/,200,209.17.116.160,ns3b.dns-host.com.,
203939,Ridao Mechanical,ridaomechanical.com,301,3,http://ridaomechanical.com/ | https://ridaomechanical.com/ | http://www.ridaomechanical.com/ | ,https://www.ridaomechanical.com/,200,209.17.116.160,ns3b.dns-host.com.,
203940,Lacamas Heating and Mechanical,lacamasheatingmechanical.com,301,3,http://lacamasheatingmechanical.com/ | https://lacamasheatingmechanical.com/ | http://www.lacamasheatingmechanical.com/ | ,https://www.lacamasheatingmechanical.com/,200,209.17.116.160,ns3b.dns-host.com.,
203943,Dugger's Heating & Air,duggersheatingandair.com,301,3,http://duggersheatingandair.com/ | https://duggersheatingandair.com/ | http://www.duggersheatingandair.com/ | ,https://www.duggersheatingandair.com/,200,209.17.116.160,ns3a.dns-host.com.,
203944,Fox Plumbing, Heating and Air Conditioning,foxphac.com,301,3,http://foxphac.com/ | https://foxphac.com/ | http://www.foxphac.com/ | ,https://www.foxphac.com/,200,209.17.116.160,ns3b.dns-host.com.,
203947,Schindler's Heating And Cooling,schindlers203947.com,301,3,http://schindlers203947.com/ | https://schindlers203947.com/ | http://www.schindlers203947.com/ | ,https://www.schindlers203947.com/,200,209.17.116.160,ns3a.dns-host.com.,
203958,A-Plus Heating and Cooling,smithvilletnhvac.com,301,3,http://smithvilletnhvac.com/ | https://smithvilletnhvac.com/ | http://www.smithvilletnhvac.com/ | ,https://www.smithvilletnhvac.com/,200,209.17.116.160,ns3b.dns-host.com.,
205251,Cooper's Heating & Air,coopersheatingair.com,301,1,http://coopersheatingair.com/ | ,https://coopersheatingair.com/,200,209.17.116.160,ns3b.dns-host.com.,
205253,D&G Mechanical, Inc. ,dandgmechanicalpa.com,301,3,http://dandgmechanicalpa.com/ | https://dandgmechanicalpa.com/ | http://www.dandgmechanicalpa.com/ | ,https://www.dandgmechanicalpa.com/,200,209.17.116.160,ns3b.dns-host.com.,
205260,Phil's Air Conditioning & Heating Corp.,philsacandheating.com,301,3,http://philsacandheating.com/ | https://philsacandheating.com/ | http://www.philsacandheating.com/ | ,https://www.philsacandheating.com/,200,209.17.116.160,ns3b.dns-host.com.,
205266,LandenAir LLC,landenairllc.com,301,3,http://landenairllc.com/ | https://landenairllc.com/ | http://www.landenairllc.com/ | ,https://www.landenairllc.com/,200,209.17.116.160,ns3a.dns-host.com.,
